symbol,prediction_date,target_trading_date,current_regime,current_raw_hmm_confidence,bull_probability,side_probability,bear_probability,next_regime,next_day_probability,actual_next_regime,agreement,stay_probability,recent_consistency,current_regime_streak,stickiness_score
INDIA_VIX,2024-09-30,2024-10-01,BEAR,0.9110263546979647,0.11780833758935781,0.2632625552467768,0.6189291071638654,BEAR,0.6189291071638654,BEAR,True,0.6189291071638654,0.6,4,58.135746429831926
INDIA_VIX,2024-10-01,2024-10-03,BEAR,0.9999320056636591,0.09180371463534884,0.23547141711563593,0.6727248682490151,BEAR,0.6727248682490151,SIDE,False,0.6727248682490151,0.6,5,62.863492094940895
INDIA_VIX,2024-10-03,2024-10-04,SIDE,0.970634194303254,0.2553567639728325,0.4623652424837288,0.2822779935434387,SIDE,0.4623652424837288,SIDE,True,0.4623652424837288,0.7,6,54.241914549023726
INDIA_VIX,2024-10-04,2024-10-07,SIDE,0.9998214846335817,0.25946875658422197,0.469697793686155,0.2708334497296229,SIDE,0.469697793686155,SIDE,True,0.469697793686155,0.3,1,37.1818676211693
INDIA_VIX,2024-10-07,2024-10-08,SIDE,0.9971931982335889,0.2605811416399607,0.46901082119058196,0.2704080371694573,SIDE,0.46901082119058196,SIDE,True,0.46901082119058196,0.4,2,41.14064927143492
INDIA_VIX,2024-10-08,2024-10-09,SIDE,0.9997899681043804,0.2594821323720739,0.4696895403861072,0.2708283272418188,SIDE,0.4696895403861072,SIDE,True,0.4696895403861072,0.4,3,42.68137242316644
INDIA_VIX,2024-10-09,2024-10-10,SIDE,0.9999451982498484,0.2594160274992644,0.4697301969550057,0.2708537755457299,SIDE,0.4697301969550057,SIDE,True,0.4697301969550057,0.1,1,32.183811817300345
INDIA_VIX,2024-10-10,2024-10-11,SIDE,0.9994202394298095,0.2593520885740567,0.4695959675425012,0.27105194388344206,SIDE,0.4695959675425012,SIDE,True,0.4695959675425012,0.4,1,39.67575805255007
INDIA_VIX,2024-10-11,2024-10-14,SIDE,0.9929982730106454,0.2583628038432373,0.46796355881844004,0.27367363733832273,SIDE,0.46796355881844004,SIDE,True,0.46796355881844004,0.5,2,43.5778135291064
INDIA_VIX,2024-10-14,2024-10-15,SIDE,0.9288696029434165,0.24883720472630547,0.4523086265039123,0.29885416876978227,SIDE,0.4523086265039123,SIDE,True,0.4523086265039123,0.6,3,46.638517590234734
INDIA_VIX,2024-10-15,2024-10-16,SIDE,0.9005533359450817,0.24476672570502647,0.4457088395061556,0.3095244347888178,SIDE,0.4457088395061556,SIDE,True,0.4457088395061556,0.7,4,50.24253037036933
INDIA_VIX,2024-10-16,2024-10-17,SIDE,0.9428384659593727,0.25084682625920285,0.4556298793056114,0.2935232944351857,SIDE,0.4556298793056114,SIDE,True,0.4556298793056114,0.8,5,54.837792758336676
INDIA_VIX,2024-10-17,2024-10-18,SIDE,0.999377624756188,0.25931693973435754,0.46958542583542134,0.27109763443022117,SIDE,0.46958542583542134,SIDE,True,0.46958542583542134,0.9,6,59.67512555012527
INDIA_VIX,2024-10-18,2024-10-21,SIDE,0.973497938328632,0.25538672337034435,0.4630856070705684,0.2815276695590872,SIDE,0.4630856070705684,SIDE,True,0.4630856070705684,0.9,7,60.785136424234096
INDIA_VIX,2024-10-21,2024-10-22,SIDE,0.9999639648977704,0.2594064532702754,0.46973513063578726,0.27085841609393735,SIDE,0.46973513063578726,SIDE,True,0.46973513063578726,0.2,1,34.684107838147234
INDIA_VIX,2024-10-22,2024-10-23,SIDE,0.9999516841765632,0.2594135585434285,0.46973189258748044,0.27085454886909105,SIDE,0.46973189258748044,SIDE,True,0.46973189258748044,0.8,1,49.68391355524883
INDIA_VIX,2024-10-23,2024-10-24,SIDE,0.9999390325070839,0.259418924786764,0.4697285788433371,0.2708524963698989,SIDE,0.4697285788433371,SIDE,True,0.4697285788433371,0.2,1,34.68371473060022
INDIA_VIX,2024-10-24,2024-10-25,SIDE,0.9999696204383715,0.2594044273615471,0.4697366077862387,0.27085896485221406,SIDE,0.4697366077862387,SIDE,True,0.4697366077862387,0.3,2,38.684196467174324
INDIA_VIX,2024-10-25,2024-10-28,SIDE,0.9999499732324869,0.2594142848363842,0.4697314444442938,0.270854270719322,SIDE,0.4697314444442938,SIDE,True,0.4697314444442938,0.4,3,42.68388666665763
INDIA_VIX,2024-10-28,2024-10-29,SIDE,0.999979239515969,0.2594017283690988,0.4697391117403215,0.2708591598905797,SIDE,0.4697391117403215,SIDE,True,0.4697391117403215,0.5,4,46.68434670441929
INDIA_VIX,2024-10-29,2024-10-30,SIDE,0.9999796689609491,0.2594016821346017,0.4697392226909493,0.27085909517444906,SIDE,0.4697392226909493,SIDE,True,0.4697392226909493,0.6,5,50.68435336145696
INDIA_VIX,2024-10-30,2024-10-31,SIDE,0.9991369757680998,0.2597588678667857,0.46951862772822794,0.2707225044049863,SIDE,0.46951862772822794,SIDE,True,0.46951862772822794,0.7,6,54.67111766369367
INDIA_VIX,2024-10-31,2024-11-01,SIDE,0.9996827616370763,0.2595275840085031,0.46966146930831154,0.2708109466831852,SIDE,0.46966146930831154,SIDE,True,0.46966146930831154,0.8,7,58.67968815849869
INDIA_VIX,2024-11-01,2024-11-04,SIDE,0.9985117258807958,0.26002360909074423,0.46935512764866605,0.27062126326058983,SIDE,0.46935512764866605,SIDE,True,0.46935512764866605,0.9,8,62.66130765891996
INDIA_VIX,2024-11-04,2024-11-05,SIDE,0.7638237729170073,0.3487058909937954,0.41491183951544763,0.23638226949075702,SIDE,0.41491183951544763,SIDE,True,0.41491183951544763,0.9,9,60.894710370926866
INDIA_VIX,2024-11-05,2024-11-06,SIDE,0.975817451367087,0.2694837329390153,0.4635161493693055,0.2670001176916792,SIDE,0.4635161493693055,SIDE,True,0.4635161493693055,1.0,10,67.81096896215834
INDIA_VIX,2024-11-06,2024-11-07,SIDE,0.9998654574999314,0.2594497623175715,0.469709313291894,0.2708409243905344,SIDE,0.469709313291894,SIDE,True,0.469709313291894,1.0,11,68.18255879751364
INDIA_VIX,2024-11-07,2024-11-08,SIDE,0.9999866139646448,0.2593985492285935,0.4697410439508583,0.27086040682054824,SIDE,0.4697410439508583,SIDE,True,0.4697410439508583,1.0,12,68.1844626370515
INDIA_VIX,2024-11-08,2024-11-11,SIDE,0.9998457265114787,0.2593800916679165,0.4697050275404,0.27091488079168363,SIDE,0.4697050275404,SIDE,True,0.4697050275404,1.0,13,68.18230165242399
INDIA_VIX,2024-11-11,2024-11-12,SIDE,0.9986002559730326,0.259189127773022,0.46938723525249576,0.27142363697448224,SIDE,0.46938723525249576,SIDE,True,0.46938723525249576,1.0,14,68.16323411514973
INDIA_VIX,2024-11-12,2024-11-13,SIDE,0.9999512215515953,0.25939389957765574,0.46973199584285863,0.27087410457948563,SIDE,0.46973199584285863,SIDE,True,0.46973199584285863,1.0,15,68.18391975057152
INDIA_VIX,2024-11-13,2024-11-14,SIDE,0.9999560372849572,0.25941171259367674,0.46973303276907047,0.2708552546372528,SIDE,0.46973303276907047,SIDE,True,0.46973303276907047,1.0,16,68.18398196614423
INDIA_VIX,2024-11-14,2024-11-18,SIDE,0.9999515487535844,0.2594005313348546,0.46973200488845895,0.2708674637766863,SIDE,0.46973200488845895,SIDE,True,0.46973200488845895,1.0,17,68.18392029330754
INDIA_VIX,2024-11-18,2024-11-19,SIDE,0.999981626298968,0.25940072230226446,0.4697397368505646,0.27085954084717107,SIDE,0.4697397368505646,SIDE,True,0.4697397368505646,1.0,18,68.18438421103387
INDIA_VIX,2024-11-19,2024-11-21,SIDE,0.9999609494150977,0.2594096296078471,0.46973431937991267,0.27085605101224025,SIDE,0.46973431937991267,SIDE,True,0.46973431937991267,1.0,19,68.18405916279477
INDIA_VIX,2024-11-21,2024-11-22,SIDE,0.9999204589335738,0.2594268014176298,0.46972371414951486,0.2708494844328553,SIDE,0.46972371414951486,SIDE,True,0.46972371414951486,1.0,20,68.18342284897089
INDIA_VIX,2024-11-22,2024-11-25,SIDE,0.9999044936579837,0.25943357168582587,0.4697195327133234,0.2708468956008507,SIDE,0.4697195327133234,SIDE,True,0.4697195327133234,1.0,21,68.1831719627994
INDIA_VIX,2024-11-25,2024-11-26,SIDE,0.999964605776062,0.2594068445605374,0.46973529101430184,0.2708578644251607,SIDE,0.46973529101430184,SIDE,True,0.46973529101430184,1.0,22,68.18411746085812
INDIA_VIX,2024-11-26,2024-11-27,SIDE,0.9999815091464694,0.25939966564571165,0.4697397186691384,0.27086061568515,SIDE,0.4697397186691384,SIDE,True,0.4697397186691384,0.1,1,32.18438312014831
INDIA_VIX,2024-11-27,2024-11-28,SIDE,0.9940050933312814,0.2585054224961017,0.468218796877261,0.2732757806266374,SIDE,0.468218796877261,SIDE,True,0.468218796877261,0.2,2,36.093127812635664
INDIA_VIX,2024-11-28,2024-11-29,SIDE,0.9999734408089124,0.2594009950463791,0.4697376289419252,0.27086137601169574,SIDE,0.4697376289419252,SIDE,True,0.4697376289419252,0.3,3,40.18425773651551
INDIA_VIX,2024-11-29,2024-12-02,SIDE,0.9529907471240676,0.2523604693008366,0.45807073227485523,0.2895687984243081,SIDE,0.45807073227485523,SIDE,True,0.45807073227485523,0.1,1,31.484243936491318
INDIA_VIX,2024-12-02,2024-12-03,SIDE,0.9973663595212531,0.25900235098374597,0.4690728670121092,0.2719247820041449,SIDE,0.4690728670121092,SIDE,True,0.4690728670121092,0.2,2,36.14437202072654
INDIA_VIX,2024-12-03,2024-12-04,SIDE,0.9389229186788426,0.2502622901715913,0.4546954591053193,0.2950422507230895,SIDE,0.4546954591053193,SIDE,True,0.4546954591053193,0.3,3,39.28172754631915
INDIA_VIX,2024-12-04,2024-12-05,SIDE,0.9693465803685749,0.2547444424246717,0.4620621505316608,0.28319340704366747,SIDE,0.4620621505316608,SIDE,True,0.4620621505316608,0.4,4,43.723729031899644
INDIA_VIX,2024-12-05,2024-12-06,SIDE,0.9918261929483531,0.25814809799103605,0.4676676791484046,0.2741842228605593,SIDE,0.4676676791484046,SIDE,True,0.4676676791484046,0.5,5,48.06006074890428
INDIA_VIX,2024-12-06,2024-12-09,SIDE,0.6386468764621399,0.20923216383281465,0.38945156527951214,0.4013162708876733,BEAR,0.4013162708876733,BEAR,True,0.38945156527951214,0.6,6,47.36709391677072
INDIA_VIX,2024-12-09,2024-12-10,BEAR,0.810263110457103,0.13998428700648805,0.29057518868406645,0.5694405243094455,BEAR,0.5694405243094455,BEAR,True,0.5694405243094455,0.7,7,62.16643145856673
INDIA_VIX,2024-12-10,2024-12-11,BEAR,0.9985036919425043,0.09229755243897278,0.23595668233783088,0.6717457652231964,BEAR,0.6717457652231964,BEAR,True,0.6717457652231964,0.3,1,49.304745913391784
INDIA_VIX,2024-12-11,2024-12-12,BEAR,0.9999944129218548,0.09177862374437443,0.23545189143160825,0.6727694848240173,BEAR,0.6727694848240173,BEAR,True,0.6727694848240173,0.8,1,61.86616908944104
INDIA_VIX,2024-12-12,2024-12-13,BEAR,0.9999960017549022,0.09177797656297167,0.23545139841680957,0.6727706250202188,BEAR,0.6727706250202188,BEAR,True,0.6727706250202188,0.9,2,65.86623750121313
INDIA_VIX,2024-12-13,2024-12-16,BEAR,0.9999986145317387,0.09177701708766108,0.23545053551916478,0.6727724473931742,BEAR,0.6727724473931742,BEAR,True,0.6727724473931742,0.9,3,67.36634684359045
INDIA_VIX,2024-12-16,2024-12-17,BEAR,0.7284561559001246,0.15511126794164073,0.3105335597933128,0.5343551722650465,BEAR,0.5343551722650465,SIDE,False,0.5343551722650465,0.9,4,60.561310335902796
INDIA_VIX,2024-12-17,2024-12-18,SIDE,0.9941159390280022,0.25849592613320116,0.46824731996802366,0.2732567538987752,SIDE,0.46824731996802366,SIDE,True,0.46824731996802366,0.2,1,34.59483919808142
INDIA_VIX,2024-12-18,2024-12-19,SIDE,0.998780813060288,0.25921326095259545,0.46943331784539527,0.2713534212020094,SIDE,0.46943331784539527,SIDE,True,0.46943331784539527,0.8,1,49.665999070723714
INDIA_VIX,2024-12-19,2024-12-20,SIDE,0.9998625112128539,0.25937843314593506,0.4697093620607763,0.27091220479328865,SIDE,0.4697093620607763,SIDE,True,0.4697093620607763,0.8,2,51.18256172364658
INDIA_VIX,2024-12-20,2024-12-23,SIDE,0.999983446770377,0.2594000615347093,0.4697402124376552,0.2708597260276356,SIDE,0.4697402124376552,BEAR,False,0.4697402124376552,0.8,3,52.68441274625931
INDIA_VIX,2024-12-23,2024-12-24,BEAR,0.7421281201533648,0.15330562804502287,0.30694821563958913,0.539746156315388,BEAR,0.539746156315388,BEAR,True,0.539746156315388,0.8,4,58.384769378923274
INDIA_VIX,2024-12-24,2024-12-26,BEAR,0.9994669085095956,0.09196319283373151,0.2356304377670256,0.672406369399243,BEAR,0.672406369399243,SIDE,False,0.672406369399243,0.9,5,70.34438216395458
INDIA_VIX,2024-12-26,2024-12-27,SIDE,0.8193019151490896,0.23347191006467355,0.4275380112634234,0.3389900786719031,SIDE,0.4275380112634234,BEAR,False,0.4275380112634234,0.2,1,32.1522806758054
INDIA_VIX,2024-12-27,2024-12-30,BEAR,0.9761725475491752,0.09966072185891328,0.24334011252311277,0.6569991656179739,BEAR,0.6569991656179739,SIDE,False,0.6569991656179739,0.8,1,60.919949937078435
INDIA_VIX,2024-12-30,2024-12-31,SIDE,0.8383523609146974,0.23606544887751862,0.4317144748829391,0.33222007623954214,SIDE,0.4317144748829391,SIDE,True,0.4317144748829391,0.3,1,34.902868492976346
INDIA_VIX,2024-12-31,2025-01-01,SIDE,0.9999362094342705,0.2593914442175768,0.46972816357253017,0.27088039220989296,SIDE,0.46972816357253017,SIDE,True,0.46972816357253017,0.4,2,41.18368981435181
INDIA_VIX,2025-01-01,2025-01-02,SIDE,0.9999753017698297,0.25939588033139116,0.46973816532033136,0.2708659543482774,SIDE,0.46973816532033136,SIDE,True,0.46973816532033136,0.4,3,42.68428991921988
INDIA_VIX,2025-01-02,2025-01-03,SIDE,0.9374168386349565,0.2500592565853151,0.45433580925759454,0.2956049341570903,SIDE,0.45433580925759454,SIDE,True,0.45433580925759454,0.6,1,43.76014855545567
INDIA_VIX,2025-01-03,2025-01-06,SIDE,0.6183838379506412,0.20649830915644482,0.3852671055162498,0.4082345853273054,BEAR,0.4082345853273054,SIDE,False,0.3852671055162498,0.6,2,41.11602633097499
INDIA_VIX,2025-01-06,2025-01-07,SIDE,0.9829341750152324,0.266547302874814,0.4653278495359727,0.2681248475892132,SIDE,0.4653278495359727,SIDE,True,0.4653278495359727,0.1,1,31.919670972158364
INDIA_VIX,2025-01-07,2025-01-08,SIDE,0.9997226444900928,0.25950678132074867,0.4696719549106868,0.27082126376856447,SIDE,0.4696719549106868,SIDE,True,0.4696719549106868,0.5,1,42.180317294641206
INDIA_VIX,2025-01-08,2025-01-09,SIDE,0.9998842509026641,0.2594086584727575,0.4697146084115464,0.270876733115696,SIDE,0.4697146084115464,SIDE,True,0.4697146084115464,0.6,2,46.182876504692786
INDIA_VIX,2025-01-09,2025-01-10,SIDE,0.9999488612130488,0.25941078956288915,0.46973119791837276,0.2708580125187381,SIDE,0.46973119791837276,SIDE,True,0.46973119791837276,0.2,1,34.68387187510236
INDIA_VIX,2025-01-10,2025-01-13,SIDE,0.9999523772844101,0.2594128960731579,0.4697320782838876,0.2708550256429546,SIDE,0.4697320782838876,SIDE,True,0.4697320782838876,0.3,2,38.683924697033255
INDIA_VIX,2025-01-13,2025-01-14,SIDE,0.9985517883234821,0.2600066529008178,0.4693655993725272,0.27062774772665493,SIDE,0.4693655993725272,SIDE,True,0.4693655993725272,0.4,3,42.661935962351635
INDIA_VIX,2025-01-14,2025-01-15,SIDE,0.9998791994543693,0.2594442903039522,0.46971290823592826,0.27084280146011946,SIDE,0.46971290823592826,SIDE,True,0.46971290823592826,0.5,4,46.682774494155694
INDIA_VIX,2025-01-15,2025-01-16,SIDE,0.9999409090442039,0.25941803499361216,0.4697290714022053,0.27085289360418247,SIDE,0.4697290714022053,SIDE,True,0.4697290714022053,0.6,5,50.68374428413232
INDIA_VIX,2025-01-16,2025-01-17,SIDE,0.9999284638480884,0.2594233981649847,0.4697258108355176,0.27085079099949766,SIDE,0.4697258108355176,SIDE,True,0.4697258108355176,0.7,6,54.68354865013105
INDIA_VIX,2025-01-17,2025-01-20,SIDE,0.9998659800743812,0.25944990283512825,0.4697094460942939,0.27084065107057786,SIDE,0.4697094460942939,SIDE,True,0.4697094460942939,0.8,7,58.682566765657626
INDIA_VIX,2025-01-20,2025-01-21,SIDE,0.9983561134088285,0.2600894621678942,0.4693144586153693,0.2705960792167366,SIDE,0.4693144586153693,SIDE,True,0.4693144586153693,0.8,8,60.158867516922164
INDIA_VIX,2025-01-21,2025-01-22,SIDE,0.9868604102932942,0.2649157798915452,0.4663347393218526,0.2687494807866021,SIDE,0.4663347393218526,SIDE,True,0.4663347393218526,0.9,9,63.98008435931115
INDIA_VIX,2025-01-22,2025-01-23,SIDE,0.9984284304090907,0.2600588603729388,0.46933335739483256,0.27060778223222864,SIDE,0.46933335739483256,SIDE,True,0.46933335739483256,1.0,10,68.16000144368995
INDIA_VIX,2025-01-23,2025-01-24,SIDE,0.9995938455013033,0.2595652754183742,0.4696381907140193,0.27079653386760644,SIDE,0.4696381907140193,SIDE,True,0.4696381907140193,1.0,11,68.17829144284117
INDIA_VIX,2025-01-24,2025-01-27,SIDE,0.9997326719656234,0.25950642504162585,0.46967453734496123,0.2708190376134129,SIDE,0.46967453734496123,BULL,False,0.46967453734496123,1.0,12,68.18047224069768
INDIA_VIX,2025-01-27,2025-01-28,BULL,0.6250344437070231,0.4836475920418988,0.33377614878028594,0.18257625917781523,BULL,0.4836475920418988,BULL,True,0.4836475920418988,1.0,13,69.01885552251393
INDIA_VIX,2025-01-28,2025-01-29,BULL,0.9667649849677781,0.6343040787248395,0.24790603156328506,0.1177898897118754,BULL,0.6343040787248395,BULL,True,0.6343040787248395,1.0,14,78.05824472349038
INDIA_VIX,2025-01-29,2025-01-30,BULL,0.999629144403331,0.6539667055855177,0.23738952834055788,0.10864376607392444,BULL,0.6539667055855177,SIDE,False,0.6539667055855177,1.0,15,79.23800233513106
INDIA_VIX,2025-01-30,2025-01-31,SIDE,0.5681897743878431,0.41576914248302227,0.3742699261866161,0.20996093133036164,BULL,0.41576914248302227,SIDE,False,0.3742699261866161,1.0,16,62.45619557119697
INDIA_VIX,2025-01-31,2025-02-01,SIDE,0.9956067021878063,0.2612446961975919,0.4685974461400856,0.27015785766232253,SIDE,0.4685974461400856,BEAR,False,0.4685974461400856,1.0,17,68.11584676840513
INDIA_VIX,2025-02-01,2025-02-03,BEAR,0.9575557677140646,0.1396870925967681,0.22973597932288145,0.6305769280803505,BEAR,0.6305769280803505,BEAR,True,0.6305769280803505,0.1,1,41.83461568482103
INDIA_VIX,2025-02-03,2025-02-04,BEAR,0.9996445778385816,0.0919475068540338,0.2355472058118703,0.6725052873340959,BEAR,0.6725052873340959,BEAR,True,0.6725052873340959,0.1,1,44.350317240045754
INDIA_VIX,2025-02-04,2025-02-05,BEAR,0.9999767864667242,0.09178732296749183,0.2354566045403091,0.6727560724921992,BEAR,0.6727560724921992,BEAR,True,0.6727560724921992,0.2,2,48.365364349531944
INDIA_VIX,2025-02-05,2025-02-06,BEAR,0.9999498088059856,0.09179709278011017,0.23546558090624184,0.6727373263136479,BEAR,0.6727373263136479,BEAR,True,0.6727373263136479,0.3,3,52.364239578818875
INDIA_VIX,2025-02-06,2025-02-07,BEAR,0.9998691985433993,0.09182582486292487,0.2354926250223107,0.6726815501147645,BEAR,0.6726815501147645,BEAR,True,0.6726815501147645,0.2,1,46.86089300688587
INDIA_VIX,2025-02-07,2025-02-10,BEAR,0.9999949889367706,0.09177997229098914,0.23545092489215913,0.6727691028168518,BEAR,0.6727691028168518,BEAR,True,0.6727691028168518,0.3,2,50.8661461690111
INDIA_VIX,2025-02-10,2025-02-11,BEAR,0.9906470266872762,0.0950005486589382,0.23857782375288988,0.6664216275881719,BEAR,0.6664216275881719,BEAR,True,0.6664216275881719,0.4,3,54.485297655290324
INDIA_VIX,2025-02-11,2025-02-12,BEAR,0.7798228102561746,0.14587820695140216,0.2981683899900093,0.5559534030585885,BEAR,0.5559534030585885,BEAR,True,0.5559534030585885,0.4,1,44.85720418351531
INDIA_VIX,2025-02-12,2025-02-13,BEAR,0.5349827499359351,0.18529577267039357,0.3533522919501856,0.4613519353794208,BEAR,0.4613519353794208,SIDE,False,0.4613519353794208,0.5,2,43.18111612276525
INDIA_VIX,2025-02-13,2025-02-14,SIDE,0.8293811317037397,0.23484400230873526,0.42974181024354374,0.33541418744772117,SIDE,0.42974181024354374,SIDE,True,0.42974181024354374,0.5,1,39.784508614612626
INDIA_VIX,2025-02-14,2025-02-17,SIDE,0.9762610700482619,0.25579735965966893,0.4637701345172154,0.28043250582311574,SIDE,0.4637701345172154,SIDE,True,0.4637701345172154,0.5,2,43.32620807103292
INDIA_VIX,2025-02-17,2025-02-18,SIDE,0.9999682870719326,0.2594053346853176,0.4697362546756743,0.2708584106390082,SIDE,0.4697362546756743,SIDE,True,0.4697362546756743,0.6,3,47.68417528054046
INDIA_VIX,2025-02-18,2025-02-19,SIDE,0.9999727261707454,0.25940075493581466,0.46973744789376465,0.27086179717042075,SIDE,0.46973744789376465,SIDE,True,0.46973744789376465,0.7,4,51.684246873625874
INDIA_VIX,2025-02-19,2025-02-20,SIDE,0.999861829034309,0.25938598314290495,0.46970910059376986,0.2709049162633253,SIDE,0.46970910059376986,SIDE,True,0.46970910059376986,0.8,5,55.68254603562619
INDIA_VIX,2025-02-20,2025-02-21,SIDE,0.8097332563245878,0.23224892970974123,0.4254476768646223,0.3423033934256363,SIDE,0.4254476768646223,BEAR,False,0.4254476768646223,0.8,6,54.52686061187734
INDIA_VIX,2025-02-21,2025-02-24,BEAR,0.6874182859087485,0.16201096170904136,0.32005019354844844,0.5179388447425103,BEAR,0.5179388447425103,BEAR,True,0.5179388447425103,0.8,7,61.57633068455062
INDIA_VIX,2025-02-24,2025-02-25,BEAR,0.9482633459012417,0.10790386707218506,0.2521686247670532,0.6399275081607618,BEAR,0.6399275081607618,BEAR,True,0.6399275081607618,0.8,8,70.39565048964572
INDIA_VIX,2025-02-25,2025-02-27,BEAR,0.9999603772106979,0.09179120955230415,0.23546308769513524,0.6727457027525606,BEAR,0.6727457027525606,BEAR,True,0.6727457027525606,0.9,9,76.36474216515364
INDIA_VIX,2025-02-27,2025-02-28,BEAR,0.9999977801099754,0.09177745632963226,0.2354507450042348,0.672771798666133,BEAR,0.672771798666133,BEAR,True,0.672771798666133,1.0,10,80.36630791996798
INDIA_VIX,2025-02-28,2025-03-03,BEAR,0.9967983815340469,0.0928875984707775,0.23653176209584922,0.6705806394333732,BEAR,0.6705806394333732,BEAR,True,0.6705806394333732,1.0,11,80.23483836600239
INDIA_VIX,2025-03-03,2025-03-04,BEAR,0.9997758652239027,0.09185483098876057,0.2355260459677697,0.6726191230434697,BEAR,0.6726191230434697,BEAR,True,0.6726191230434697,0.1,1,44.35714738260819
INDIA_VIX,2025-03-04,2025-03-05,BEAR,0.9994187606877604,0.0919792451182203,0.2356471086974337,0.672373646184346,BEAR,0.672373646184346,BEAR,True,0.672373646184346,0.2,2,48.34241877106076
INDIA_VIX,2025-03-05,2025-03-06,BEAR,0.9998888539103368,0.09181539221138345,0.23548773725058075,0.6726968705380358,BEAR,0.6726968705380358,BEAR,True,0.6726968705380358,0.3,3,52.361812232282155
INDIA_VIX,2025-03-06,2025-03-07,BEAR,0.999754032679193,0.0918624672966302,0.23553343821338876,0.672604094489981,BEAR,0.672604094489981,BEAR,True,0.672604094489981,0.4,4,56.35624566939885
INDIA_VIX,2025-03-07,2025-03-10,BEAR,0.9999787771516377,0.09178393054123127,0.23545727153220003,0.6727587979265687,BEAR,0.6727587979265687,BEAR,True,0.6727587979265687,0.6,1,56.865527875594125
INDIA_VIX,2025-03-10,2025-03-11,BEAR,0.9831419202311537,0.09742567522357873,0.2410780523321261,0.6614962724442952,BEAR,0.6614962724442952,BEAR,True,0.6614962724442952,0.5,1,53.689776346657716
INDIA_VIX,2025-03-11,2025-03-12,BEAR,0.96831352380905,0.10205408169826347,0.24588151426042887,0.6520644040413077,BEAR,0.6520644040413077,BEAR,True,0.6520644040413077,0.6,2,57.12386424247846
INDIA_VIX,2025-03-12,2025-03-13,BEAR,0.9994486187369075,0.09196894714747302,0.23563694195190935,0.6723941109006176,BEAR,0.6723941109006176,BEAR,True,0.6723941109006176,0.4,1,51.84364665403706
INDIA_VIX,2025-03-13,2025-03-17,BEAR,0.9999893008471957,0.09178024940208832,0.23545370491439377,0.6727660456835179,BEAR,0.6727660456835179,BEAR,True,0.6727660456835179,0.4,2,53.365962741011074
INDIA_VIX,2025-03-17,2025-03-18,BEAR,0.9999113876082975,0.09180756418370671,0.2354800762604726,0.6727123595558208,BEAR,0.6727123595558208,BEAR,True,0.6727123595558208,0.4,3,54.86274157334925
INDIA_VIX,2025-03-18,2025-03-19,BEAR,0.9999858765910031,0.09178143275952182,0.23545487263951723,0.6727636946009611,BEAR,0.6727636946009611,BEAR,True,0.6727636946009611,0.5,4,58.86582167605767
INDIA_VIX,2025-03-19,2025-03-20,BEAR,0.9999322898476761,0.09180028458707,0.2354729783514982,0.6727267370614318,BEAR,0.6727267370614318,BEAR,True,0.6727267370614318,0.6,5,62.8636042236859
INDIA_VIX,2025-03-20,2025-03-21,BEAR,0.9999995963022661,0.09177675712896201,0.2354501612314686,0.6727730816395694,BEAR,0.6727730816395694,BEAR,True,0.6727730816395694,0.7,6,66.86638489837416
INDIA_VIX,2025-03-21,2025-03-24,BEAR,0.9999995818667479,0.0917766432965892,0.23545022528020373,0.672773131423207,BEAR,0.672773131423207,SIDE,False,0.672773131423207,0.8,7,70.86638788539243
INDIA_VIX,2025-03-24,2025-03-25,SIDE,0.7184052503935916,0.21996758918494944,0.40601539471413745,0.37401701610091315,SIDE,0.40601539471413745,SIDE,True,0.40601539471413745,0.8,8,56.36092368284824
INDIA_VIX,2025-03-25,2025-03-26,SIDE,0.8331822545191456,0.23533509203372954,0.43057929726494637,0.33408561070132414,SIDE,0.43057929726494637,SIDE,True,0.43057929726494637,0.9,9,61.83475783589678
INDIA_VIX,2025-03-26,2025-03-27,SIDE,0.6022070061685433,0.20430108359718438,0.38192939619610666,0.41376952020670893,BEAR,0.41376952020670893,BEAR,True,0.38192939619610666,1.0,10,62.9157637717664
INDIA_VIX,2025-03-27,2025-03-28,BEAR,0.9215041980159135,0.11509401841024099,0.26023175422315686,0.6246742273666022,BEAR,0.6246742273666022,BEAR,True,0.6246742273666022,0.1,1,41.480453641996135
INDIA_VIX,2025-03-28,2025-04-01,BEAR,0.9999721719959094,0.09178643011868785,0.2354594159048872,0.6727541539764249,BEAR,0.6727541539764249,SIDE,False,0.6727541539764249,0.2,2,48.36524923858549
INDIA_VIX,2025-04-01,2025-04-02,SIDE,0.9802455248034129,0.2564389638984325,0.46475980698299163,0.27880122911857586,SIDE,0.46475980698299163,SIDE,True,0.46475980698299163,0.3,3,39.885588418979495
INDIA_VIX,2025-04-02,2025-04-03,SIDE,0.9980885516812541,0.25910736777529264,0.4692568600880637,0.27163577213664375,SIDE,0.4692568600880637,SIDE,True,0.4692568600880637,0.4,4,44.15541160528382
INDIA_VIX,2025-04-03,2025-04-04,SIDE,0.9939938017335619,0.2584785205744667,0.46821634060824924,0.27330513881728413,SIDE,0.46821634060824924,SIDE,True,0.46821634060824924,0.5,5,48.092980436494955
INDIA_VIX,2025-04-04,2025-04-07,SIDE,0.9994454696500629,0.25931542144837255,0.46960288156637314,0.27108169698525436,SIDE,0.46960288156637314,BULL,False,0.46960288156637314,0.6,6,52.17617289398239
INDIA_VIX,2025-04-07,2025-04-08,BULL,1.0,0.6541986612755314,0.23726691724273602,0.10853442148173256,BULL,0.6541986612755314,BULL,True,0.6541986612755314,0.1,1,43.251919676531884
INDIA_VIX,2025-04-08,2025-04-09,BULL,1.0,0.6541986612755314,0.23726691724273602,0.10853442148173256,BULL,0.6541986612755314,BULL,True,0.6541986612755314,0.2,2,47.251919676531884
INDIA_VIX,2025-04-09,2025-04-11,BULL,1.0,0.6541986612755314,0.23726691724273602,0.10853442148173256,BULL,0.6541986612755314,BULL,True,0.6541986612755314,0.3,3,51.251919676531884
INDIA_VIX,2025-04-11,2025-04-15,BULL,1.0,0.6541986612755314,0.23726691724273602,0.10853442148173256,BULL,0.6541986612755314,BULL,True,0.6541986612755314,0.4,4,55.25191967653189
INDIA_VIX,2025-04-15,2025-04-16,BULL,1.0,0.6541986612755314,0.23726691724273602,0.10853442148173256,BULL,0.6541986612755314,BULL,True,0.6541986612755314,0.5,5,59.25191967653187
INDIA_VIX,2025-04-16,2025-04-17,BULL,0.9999999999999618,0.6541986612755071,0.23726691724274807,0.10853442148174473,BULL,0.6541986612755071,BULL,True,0.6541986612755071,0.6,6,63.25191967653042
INDIA_VIX,2025-04-17,2025-04-21,BULL,0.9999999999999352,0.6541986612754728,0.23726691724273594,0.10853442148179133,BULL,0.6541986612754728,BULL,True,0.6541986612754728,0.7,7,67.25191967652836
INDIA_VIX,2025-04-21,2025-04-22,BULL,0.9999999999999254,0.6541986612754658,0.23726691724273838,0.10853442148179604,BULL,0.6541986612754658,BULL,True,0.6541986612754658,0.8,8,71.25191967652795
INDIA_VIX,2025-04-22,2025-04-23,BULL,0.9999999999995541,0.6541986612750258,0.23726691724261562,0.10853442148235852,BULL,0.6541986612750258,BULL,True,0.6541986612750258,0.9,9,75.25191967650154
INDIA_VIX,2025-04-23,2025-04-24,BULL,0.9999999999999645,0.6541986612755084,0.23726691724274743,0.10853442148174418,BULL,0.6541986612755084,BULL,True,0.6541986612755084,1.0,10,79.2519196765305
INDIA_VIX,2025-04-24,2025-04-25,BULL,0.9999999999999574,0.6541986612755042,0.23726691724275012,0.10853442148174566,BULL,0.6541986612755042,BULL,True,0.6541986612755042,1.0,11,79.25191967653026
INDIA_VIX,2025-04-25,2025-04-28,BULL,0.9999999999999885,0.6541986612755243,0.23726691724273977,0.10853442148173591,BULL,0.6541986612755243,BULL,True,0.6541986612755243,1.0,12,79.25191967653146
INDIA_VIX,2025-04-28,2025-04-29,BULL,0.9999999999999671,0.6541986612755105,0.23726691724274704,0.10853442148174236,BULL,0.6541986612755105,BULL,True,0.6541986612755105,1.0,13,79.25191967653063
INDIA_VIX,2025-04-29,2025-04-30,BULL,0.9999999999999836,0.6541986612755211,0.23726691724274152,0.10853442148173743,BULL,0.6541986612755211,BULL,True,0.6541986612755211,1.0,14,79.25191967653126
INDIA_VIX,2025-04-30,2025-05-02,BULL,0.9999999999999991,0.6541986612755307,0.23726691724273644,0.10853442148173285,BULL,0.6541986612755307,BULL,True,0.6541986612755307,1.0,15,79.25191967653184
INDIA_VIX,2025-05-02,2025-05-05,BULL,0.9999999999999964,0.6541986612755292,0.23726691724273716,0.10853442148173359,BULL,0.6541986612755292,BULL,True,0.6541986612755292,1.0,16,79.25191967653174
INDIA_VIX,2025-05-05,2025-05-06,BULL,0.9999999999999933,0.6541986612755272,0.23726691724273818,0.10853442148173448,BULL,0.6541986612755272,BULL,True,0.6541986612755272,1.0,17,79.25191967653163
INDIA_VIX,2025-05-06,2025-05-07,BULL,0.9999999999999996,0.6541986612755311,0.23726691724273624,0.10853442148173273,BULL,0.6541986612755311,BULL,True,0.6541986612755311,1.0,18,79.25191967653186
INDIA_VIX,2025-05-07,2025-05-08,BULL,0.9999999999999991,0.6541986612755308,0.23726691724273632,0.10853442148173283,BULL,0.6541986612755308,BULL,True,0.6541986612755308,1.0,19,79.25191967653186
INDIA_VIX,2025-05-08,2025-05-09,BULL,1.0,0.6541986612755314,0.23726691724273602,0.10853442148173256,BULL,0.6541986612755314,BULL,True,0.6541986612755314,1.0,20,79.25191967653188
INDIA_VIX,2025-05-09,2025-05-12,BULL,0.999999998701119,0.6541986604627029,0.23726691767233177,0.1085344218649652,BULL,0.6541986604627029,BULL,True,0.6541986604627029,0.1,1,43.25191962776218
INDIA_VIX,2025-05-12,2025-05-13,BULL,0.9997849963263312,0.6540641550567636,0.2373380124565949,0.10859783248664143,BULL,0.6540641550567636,BULL,True,0.6540641550567636,0.2,2,47.24384930340582
INDIA_VIX,2025-05-13,2025-05-14,BULL,0.8643505276363644,0.5814198929676927,0.27717318053503004,0.14140692649727732,BULL,0.5814198929676927,BULL,True,0.5814198929676927,0.3,3,46.88519357806156
INDIA_VIX,2025-05-14,2025-05-15,BULL,0.6393403999396,0.48889661331878553,0.33062811305812906,0.18047527362308524,BULL,0.48889661331878553,SIDE,False,0.48889661331878553,0.4,4,45.33379679912713
INDIA_VIX,2025-05-15,2025-05-16,SIDE,0.9883456364602484,0.2632959321877112,0.4667195879419752,0.2699844798703136,SIDE,0.4667195879419752,SIDE,True,0.4667195879419752,0.1,1,32.00317527651851
INDIA_VIX,2025-05-16,2025-05-19,SIDE,0.981308952658034,0.2567443664817495,0.4650213380801545,0.27823429543809597,SIDE,0.4650213380801545,SIDE,True,0.4650213380801545,0.2,2,35.90128028480927
INDIA_VIX,2025-05-19,2025-05-20,SIDE,0.9998752225469267,0.2594357020519205,0.46971198199904834,0.2708523159490311,SIDE,0.46971198199904834,SIDE,True,0.46971198199904834,0.4,1,39.68271891994291
INDIA_VIX,2025-05-20,2025-05-21,SIDE,0.9998847032568668,0.2594185050509297,0.4697146134733546,0.27086688147571564,SIDE,0.4697146134733546,SIDE,True,0.4697146134733546,0.4,2,41.18287680840128
INDIA_VIX,2025-05-21,2025-05-22,SIDE,0.9999155980003563,0.25941963044633837,0.4697225449375797,0.2708578246160819,SIDE,0.4697225449375797,SIDE,True,0.4697225449375797,0.4,3,42.68335269625478
INDIA_VIX,2025-05-22,2025-05-23,SIDE,0.9995291992083398,0.25937643809368754,0.4696236936333619,0.2709998682729506,SIDE,0.4696236936333619,SIDE,True,0.4696236936333619,0.4,4,44.177421618001716
INDIA_VIX,2025-05-23,2025-05-26,SIDE,0.99954745326985,0.2593733991088877,0.4696284211971326,0.27099817969397977,SIDE,0.4696284211971326,SIDE,True,0.4696284211971326,0.5,5,48.17770527182796
INDIA_VIX,2025-05-26,2025-05-27,SIDE,0.9999330265138743,0.25942126375618424,0.4697270081127567,0.270851728131059,SIDE,0.4697270081127567,SIDE,True,0.4697270081127567,0.3,1,37.1836204867654
INDIA_VIX,2025-05-27,2025-05-28,SIDE,0.9999161868741153,0.2594286093510412,0.46972259529431204,0.2708487953546467,SIDE,0.46972259529431204,SIDE,True,0.46972259529431204,0.6,1,44.68335571765872
INDIA_VIX,2025-05-28,2025-05-29,SIDE,0.9999333871458396,0.2594195098496992,0.4697271205965209,0.2708533695537798,SIDE,0.4697271205965209,BEAR,False,0.4697271205965209,0.4,1,39.68362723579125
INDIA_VIX,2025-05-29,2025-05-30,BEAR,0.5350537470255476,0.18826271605324965,0.3514635937118642,0.4602736902348861,BEAR,0.4602736902348861,BEAR,True,0.4602736902348861,0.1,1,31.61642141409317
INDIA_VIX,2025-05-30,2025-06-02,BEAR,0.9944687253371486,0.09374731023844818,0.23728338195387216,0.6689693078076798,BEAR,0.6689693078076798,SIDE,False,0.6689693078076798,0.2,2,48.13815846846079
INDIA_VIX,2025-06-02,2025-06-03,SIDE,0.9231931227294061,0.24837309278093136,0.45094884382899025,0.30067806339007835,SIDE,0.45094884382899025,SIDE,True,0.45094884382899025,0.3,3,39.05693062973941
INDIA_VIX,2025-06-03,2025-06-04,SIDE,0.6418590660950588,0.20997536906419517,0.3900606910688001,0.39996393986700485,BEAR,0.39996393986700485,BEAR,True,0.3900606910688001,0.4,4,39.40364146412801
INDIA_VIX,2025-06-04,2025-06-05,BEAR,0.9977106497476996,0.09265497259452433,0.23618320173380572,0.6711618256716699,BEAR,0.6711618256716699,BEAR,True,0.6711618256716699,0.5,5,60.2697095403002
INDIA_VIX,2025-06-05,2025-06-06,BEAR,0.9999948499562336,0.09178033126617523,0.23545081755766611,0.6727688511761587,BEAR,0.6727688511761587,BEAR,True,0.6727688511761587,0.6,6,64.36613107056952
INDIA_VIX,2025-06-06,2025-06-09,BEAR,0.9999984772756922,0.09177827238987898,0.23544998128542358,0.6727717463246975,BEAR,0.6727717463246975,BEAR,True,0.6727717463246975,0.7,7,68.36630477948185
INDIA_VIX,2025-06-09,2025-06-10,BEAR,0.99999872437126,0.09177711813843326,0.23545042888873363,0.6727724529728331,BEAR,0.6727724529728331,BEAR,True,0.6727724529728331,0.8,8,72.36634717836998
INDIA_VIX,2025-06-10,2025-06-11,BEAR,0.9999990933040712,0.09177782682878402,0.2354498869798237,0.6727722861913923,BEAR,0.6727722861913923,BEAR,True,0.6727722861913923,0.9,9,76.36633717148354
INDIA_VIX,2025-06-11,2025-06-12,BEAR,0.9999986957778609,0.09177855091160421,0.2354497306003265,0.6727717184880693,BEAR,0.6727717184880693,BEAR,True,0.6727717184880693,1.0,10,80.36630310928416
INDIA_VIX,2025-06-12,2025-06-13,BEAR,0.9999992589472254,0.09177735920442133,0.23545003469803785,0.6727726060975407,BEAR,0.6727726060975407,BEAR,True,0.6727726060975407,1.0,11,80.36635636585244
INDIA_VIX,2025-06-13,2025-06-16,BEAR,0.99825050104189,0.09239572098354247,0.23603707451562567,0.6715672045008318,BEAR,0.6715672045008318,BEAR,True,0.6715672045008318,1.0,12,80.29403227004991
INDIA_VIX,2025-06-16,2025-06-17,BEAR,0.9999239512823261,0.09180333570655469,0.2354757368280253,0.67272092746542,BEAR,0.67272092746542,BEAR,True,0.67272092746542,1.0,13,80.3632556479252
INDIA_VIX,2025-06-17,2025-06-18,BEAR,0.9999950036014424,0.09177840605994639,0.23545169674017016,0.6727698971998834,BEAR,0.6727698971998834,BEAR,True,0.6727698971998834,1.0,14,80.366193831993
INDIA_VIX,2025-06-18,2025-06-19,BEAR,0.9999962511765941,0.09177791371153211,0.23545130174074672,0.6727707845477212,BEAR,0.6727707845477212,BEAR,True,0.6727707845477212,1.0,15,80.36624707286327
INDIA_VIX,2025-06-19,2025-06-20,BEAR,0.9999951451393275,0.09177830545341467,0.2354516741950775,0.6727700203515079,BEAR,0.6727700203515079,BEAR,True,0.6727700203515079,1.0,16,80.36620122109048
INDIA_VIX,2025-06-20,2025-06-23,BEAR,0.9999994834407084,0.09177698236513807,0.23545010705066835,0.6727729105841935,BEAR,0.6727729105841935,BEAR,True,0.6727729105841935,1.0,17,80.36637463505161
INDIA_VIX,2025-06-23,2025-06-24,BEAR,0.9999877253776088,0.0917811220910945,0.2354540788416588,0.6727647990672466,BEAR,0.6727647990672466,BEAR,True,0.6727647990672466,1.0,18,80.3658879440348
INDIA_VIX,2025-06-24,2025-06-25,BEAR,0.9999990306045712,0.09177690681476017,0.2354503769479429,0.6727727162372968,BEAR,0.6727727162372968,BEAR,True,0.6727727162372968,1.0,19,80.36636297423782
INDIA_VIX,2025-06-25,2025-06-26,BEAR,0.999999270294798,0.09177752357773933,0.23544994708376416,0.6727725293384965,BEAR,0.6727725293384965,BEAR,True,0.6727725293384965,1.0,20,80.36635176030978
INDIA_VIX,2025-06-26,2025-06-27,BEAR,0.9999990618627069,0.0917779131710846,0.23544986014464464,0.6727722266842707,BEAR,0.6727722266842707,BEAR,True,0.6727722266842707,1.0,21,80.36633360105624
INDIA_VIX,2025-06-27,2025-06-30,BEAR,0.9999986384585933,0.09177865685599161,0.23544970728606396,0.6727716358579444,BEAR,0.6727716358579444,BEAR,True,0.6727716358579444,1.0,22,80.36629815147667
INDIA_VIX,2025-06-30,2025-07-01,BEAR,0.9999993977432371,0.09177711197774763,0.23545008651736993,0.6727728015048824,BEAR,0.6727728015048824,BEAR,True,0.6727728015048824,1.0,23,80.36636809029295
INDIA_VIX,2025-07-01,2025-07-02,BEAR,0.9999996519411154,0.09177685059413893,0.23545008618032998,0.672773063225531,BEAR,0.672773063225531,BEAR,True,0.672773063225531,1.0,24,80.36638379353185
INDIA_VIX,2025-07-02,2025-07-03,BEAR,0.999999635544554,0.09177687881886502,0.23545008054697852,0.6727730406341564,BEAR,0.6727730406341564,BEAR,True,0.6727730406341564,1.0,25,80.36638243804938
INDIA_VIX,2025-07-03,2025-07-04,BEAR,0.9999996207174027,0.09177690753115086,0.23545007386591144,0.6727730186029377,BEAR,0.6727730186029377,BEAR,True,0.6727730186029377,1.0,26,80.36638111617626
INDIA_VIX,2025-07-04,2025-07-07,BEAR,0.9999995980938148,0.09177695048672412,0.23545006409687017,0.6727729854164056,BEAR,0.6727729854164056,BEAR,True,0.6727729854164056,1.0,27,80.36637912498433
INDIA_VIX,2025-07-07,2025-07-08,BEAR,0.9999991302085492,0.09177702127138875,0.23545026889745868,0.6727727098311526,BEAR,0.6727727098311526,BEAR,True,0.6727727098311526,1.0,28,80.36636258986915
INDIA_VIX,2025-07-08,2025-07-09,BEAR,0.9999996319875548,0.0917768787702388,0.23545008239590312,0.6727730388338581,BEAR,0.6727730388338581,BEAR,True,0.6727730388338581,1.0,29,80.3663823300315
INDIA_VIX,2025-07-09,2025-07-10,BEAR,0.9999994332287422,0.09177725833053034,0.23544999548763143,0.6727727461818382,BEAR,0.6727727461818382,BEAR,True,0.6727727461818382,1.0,30,80.3663647709103
INDIA_VIX,2025-07-10,2025-07-11,BEAR,0.9999987831935635,0.09177840396599647,0.23544975887774167,0.6727718371562619,BEAR,0.6727718371562619,BEAR,True,0.6727718371562619,1.0,31,80.36631022937571
INDIA_VIX,2025-07-11,2025-07-14,BEAR,0.9999994117534362,0.09177728843729302,0.23544999152311374,0.6727727200395932,BEAR,0.6727727200395932,BEAR,True,0.6727727200395932,1.0,32,80.3663632023756
INDIA_VIX,2025-07-14,2025-07-15,BEAR,0.9999995349652828,0.09177690687270942,0.23545011818408187,0.6727729749432088,BEAR,0.6727729749432088,BEAR,True,0.6727729749432088,1.0,33,80.36637849659253
INDIA_VIX,2025-07-15,2025-07-16,BEAR,0.9999990876733796,0.09177786836778626,0.23544986919828054,0.6727722624339332,BEAR,0.6727722624339332,BEAR,True,0.6727722624339332,1.0,34,80.36633574603599
INDIA_VIX,2025-07-16,2025-07-17,BEAR,0.9999986127199006,0.09177870303739731,0.23544969750964423,0.6727715994529584,BEAR,0.6727715994529584,BEAR,True,0.6727715994529584,1.0,35,80.3662959671775
INDIA_VIX,2025-07-17,2025-07-18,BEAR,0.9999988910347007,0.091778213389077,0.2354497983881892,0.6727719882227338,BEAR,0.6727719882227338,BEAR,True,0.6727719882227338,1.0,36,80.36631929336403
INDIA_VIX,2025-07-18,2025-07-21,BEAR,0.9999994716504434,0.09177715439518462,0.23545002749614843,0.6727728181086668,BEAR,0.6727728181086668,BEAR,True,0.6727728181086668,1.0,37,80.36636908652001
INDIA_VIX,2025-07-21,2025-07-22,BEAR,0.9999993870493049,0.09177733722038493,0.2354499799215354,0.6727726828580796,BEAR,0.6727726828580796,BEAR,True,0.6727726828580796,1.0,38,80.36636097148477
INDIA_VIX,2025-07-22,2025-07-23,BEAR,0.9999963319277966,0.09178269769841106,0.23544887974606168,0.6727684225555274,BEAR,0.6727684225555274,BEAR,True,0.6727684225555274,1.0,39,80.36610535333165
INDIA_VIX,2025-07-23,2025-07-24,BEAR,0.9999918066239663,0.09179062126610711,0.23544725819304693,0.6727621205408459,BEAR,0.6727621205408459,BEAR,True,0.6727621205408459,1.0,40,80.36572723245075
INDIA_VIX,2025-07-24,2025-07-25,BEAR,0.9999985214050948,0.09177885944357138,0.2354496665246645,0.6727714740317641,BEAR,0.6727714740317641,BEAR,True,0.6727714740317641,1.0,41,80.36628844190584
INDIA_VIX,2025-07-25,2025-07-28,BEAR,0.9999858533108308,0.09178278397876168,0.23545421219417217,0.6727630038270662,BEAR,0.6727630038270662,SIDE,False,0.6727630038270662,1.0,42,80.36578022962398
INDIA_VIX,2025-07-28,2025-07-29,SIDE,0.5326986666426686,0.1949437406884481,0.3675161385666886,0.4375401207448633,BEAR,0.4375401207448633,BEAR,True,0.3675161385666886,1.0,43,62.050968314001324
INDIA_VIX,2025-07-29,2025-07-30,BEAR,0.992664507146939,0.0942986972581191,0.2379173732514468,0.6677839294904341,BEAR,0.6677839294904341,BEAR,True,0.6677839294904341,1.0,44,80.06703576942606
INDIA_VIX,2025-07-30,2025-07-31,BEAR,0.9999651553708646,0.09178896736398325,0.23546175252768806,0.6727492801083287,BEAR,0.6727492801083287,BEAR,True,0.6727492801083287,1.0,45,80.36495680649972
INDIA_VIX,2025-07-31,2025-08-01,BEAR,0.9935399754237272,0.09399777482257016,0.237627085816436,0.6683751393609939,BEAR,0.6683751393609939,SIDE,False,0.6683751393609939,1.0,46,80.10250836165963
INDIA_VIX,2025-08-01,2025-08-04,SIDE,0.7891422632058751,0.229380669633045,0.4210137069741839,0.349605623392771,SIDE,0.4210137069741839,SIDE,True,0.4210137069741839,0.1,1,29.26082241845104
INDIA_VIX,2025-08-04,2025-08-05,SIDE,0.9895420695898252,0.25780241373027174,0.4670910902500075,0.27510649601972076,SIDE,0.4670910902500075,SIDE,True,0.4670910902500075,0.2,2,36.02546541500045
INDIA_VIX,2025-08-05,2025-08-06,SIDE,0.9266943115357722,0.24848421782900404,0.45179802917378625,0.29971775299720976,SIDE,0.45179802917378625,SIDE,True,0.45179802917378625,0.3,3,39.107881750427175
INDIA_VIX,2025-08-06,2025-08-07,SIDE,0.9982322237022043,0.25913446560948333,0.46929340404282655,0.27157213034768996,SIDE,0.46929340404282655,SIDE,True,0.46929340404282655,0.4,4,44.15760424256959
INDIA_VIX,2025-08-07,2025-08-08,SIDE,0.9492796081951448,0.2517721219443719,0.45717714385842695,0.2910507341972011,SIDE,0.45717714385842695,SIDE,True,0.45717714385842695,0.5,5,47.43062863150562
INDIA_VIX,2025-08-08,2025-08-11,SIDE,0.9997190515360463,0.25936086279467635,0.4696726797271154,0.2709664574782082,SIDE,0.4696726797271154,SIDE,True,0.4696726797271154,0.6,6,52.180360783626924
INDIA_VIX,2025-08-11,2025-08-12,SIDE,0.9999765342054986,0.25939788310274137,0.46973845956712595,0.2708636573301326,SIDE,0.46973845956712595,SIDE,True,0.46973845956712595,0.7,7,56.18430757402756
INDIA_VIX,2025-08-12,2025-08-13,SIDE,0.999976054706831,0.2593974161318692,0.4697383415515221,0.27086424231660877,SIDE,0.4697383415515221,SIDE,True,0.4697383415515221,0.1,1,32.18430049309133
INDIA_VIX,2025-08-13,2025-08-14,SIDE,0.9999315042603942,0.259390461606953,0.4697269648770162,0.2708825735160308,SIDE,0.4697269648770162,SIDE,True,0.4697269648770162,0.2,2,36.183617892620966
INDIA_VIX,2025-08-14,2025-08-18,SIDE,0.9999852413738046,0.2593986251989072,0.46974069014181025,0.27086068465928265,SIDE,0.46974069014181025,SIDE,True,0.46974069014181025,0.3,3,40.18444140850861
INDIA_VIX,2025-08-18,2025-08-19,SIDE,0.9999850132214296,0.25939789205438923,0.4697406397643633,0.27086146818124746,SIDE,0.4697406397643633,SIDE,True,0.4697406397643633,0.4,4,44.184438385861796
INDIA_VIX,2025-08-19,2025-08-20,SIDE,0.9729371157889624,0.2552897582198975,0.46294737869633745,0.2817628630837651,SIDE,0.46294737869633745,SIDE,True,0.46294737869633745,0.5,5,47.77684272178025
INDIA_VIX,2025-08-20,2025-08-21,SIDE,0.9662034224683713,0.2542691151040148,0.4612901687200356,0.2844407161759497,SIDE,0.4612901687200356,BEAR,False,0.4612901687200356,0.6,6,51.67741012320213
INDIA_VIX,2025-08-21,2025-08-22,BEAR,0.9415336091818938,0.10979183313686125,0.2542202120905649,0.635987954772574,BEAR,0.635987954772574,BEAR,True,0.635987954772574,0.7,7,66.15927728635444
INDIA_VIX,2025-08-22,2025-08-25,BEAR,0.660617579646802,0.16633257493677817,0.32611915562296073,0.5075482694402611,BEAR,0.5075482694402611,SIDE,False,0.5075482694402611,0.8,8,62.45289616641566
INDIA_VIX,2025-08-25,2025-08-26,SIDE,0.6612607478951369,0.2122222690776223,0.39413757090775026,0.39364016001462737,SIDE,0.39413757090775026,SIDE,True,0.39413757090775026,0.2,1,30.14825425446502
INDIA_VIX,2025-08-26,2025-08-28,SIDE,0.9998910760321829,0.2593857185125243,0.4697166236090214,0.2708976578784543,SIDE,0.4697166236090214,SIDE,True,0.4697166236090214,0.2,2,36.18299741654128
INDIA_VIX,2025-08-28,2025-08-29,SIDE,0.9999526083429503,0.25939456187221954,0.46973234493052707,0.27087309319725345,SIDE,0.46973234493052707,SIDE,True,0.46973234493052707,0.8,1,49.68394069583162
INDIA_VIX,2025-08-29,2025-09-01,SIDE,0.9565082418988298,0.25284099694349205,0.45892456962768896,0.288234433428819,SIDE,0.45892456962768896,BEAR,False,0.45892456962768896,0.3,1,36.535474177661335
INDIA_VIX,2025-09-01,2025-09-02,BEAR,0.9653730533321673,0.10296597879297606,0.24680433102447588,0.6502296901825481,BEAR,0.6502296901825481,BEAR,True,0.6502296901825481,0.4,2,52.01378141095289
INDIA_VIX,2025-09-02,2025-09-03,BEAR,0.9951701537771251,0.09344171127240712,0.23708139131576272,0.6694768974118301,BEAR,0.6694768974118301,BEAR,True,0.6694768974118301,0.5,3,57.1686138447098
INDIA_VIX,2025-09-03,2025-09-04,BEAR,0.9999866747017163,0.09178133069171039,0.23545451401552298,0.6727641552927667,BEAR,0.6727641552927667,BEAR,True,0.6727641552927667,0.1,1,44.365849317566
INDIA_VIX,2025-09-04,2025-09-05,BEAR,0.9999916080121951,0.09177949844705499,0.23545289505701147,0.6727676064959336,BEAR,0.6727676064959336,BEAR,True,0.6727676064959336,0.2,2,48.36605638975602
INDIA_VIX,2025-09-05,2025-09-08,BEAR,0.9999948874981273,0.09177834934439597,0.23545178452211912,0.6727698661334849,BEAR,0.6727698661334849,BEAR,True,0.6727698661334849,0.3,3,52.36619196800909
INDIA_VIX,2025-09-08,2025-09-09,BEAR,0.9999824311203256,0.09178277861888105,0.23545597036541685,0.672761251015702,BEAR,0.672761251015702,BEAR,True,0.672761251015702,0.4,4,56.365675060942124
INDIA_VIX,2025-09-09,2025-09-10,BEAR,0.9999967180016646,0.09177770860135036,0.23545116432703964,0.6727711270716099,BEAR,0.6727711270716099,BEAR,True,0.6727711270716099,0.5,5,60.36626762429659
INDIA_VIX,2025-09-10,2025-09-11,BEAR,0.9999989751259584,0.09177692905553977,0.23545039434113207,0.6727726766033281,BEAR,0.6727726766033281,BEAR,True,0.6727726766033281,0.6,6,64.36636059619968
INDIA_VIX,2025-09-11,2025-09-12,BEAR,0.9999995657630499,0.09177679169171113,0.2354501596994306,0.6727730486088583,BEAR,0.6727730486088583,BEAR,True,0.6727730486088583,0.7,7,68.36638291653149
INDIA_VIX,2025-09-12,2025-09-15,BEAR,0.9999994980177762,0.09177712131088106,0.23545003043270044,0.6727728482564186,BEAR,0.6727728482564186,BEAR,True,0.6727728482564186,0.8,8,72.36637089538512
INDIA_VIX,2025-09-15,2025-09-16,BEAR,0.9999947231252247,0.09177855940520128,0.23545176431604653,0.6727696762787521,BEAR,0.6727696762787521,BEAR,True,0.6727696762787521,0.9,9,76.36618057672513
INDIA_VIX,2025-09-16,2025-09-17,BEAR,0.9999988028984903,0.09177694951041983,0.23545047251461768,0.6727725779749625,BEAR,0.6727725779749625,BEAR,True,0.6727725779749625,1.0,10,80.36635467849774
INDIA_VIX,2025-09-17,2025-09-18,BEAR,0.99999861912424,0.09177705424775764,0.23545051467221897,0.6727724310800234,BEAR,0.6727724310800234,BEAR,True,0.6727724310800234,1.0,11,80.3663458648014
INDIA_VIX,2025-09-18,2025-09-19,BEAR,0.9999995251167227,0.09177706821321306,0.2354500429526694,0.6727728888341175,BEAR,0.6727728888341175,BEAR,True,0.6727728888341175,1.0,12,80.36637333004705
INDIA_VIX,2025-09-19,2025-09-22,BEAR,0.9999995069236775,0.0917768309673674,0.23545017034010407,0.6727729986925286,BEAR,0.6727729986925286,BEAR,True,0.6727729986925286,1.0,13,80.36637992155173
INDIA_VIX,2025-09-22,2025-09-23,BEAR,0.9828154561206913,0.09753714297798098,0.24118200372067825,0.6612808533013408,BEAR,0.6612808533013408,BEAR,True,0.6612808533013408,1.0,14,79.67685119808044
INDIA_VIX,2025-09-23,2025-09-24,BEAR,0.9651114193682936,0.10301798526605188,0.24690111413894517,0.6500809005950029,BEAR,0.6500809005950029,BEAR,True,0.6500809005950029,1.0,15,79.00485403570018
INDIA_VIX,2025-09-24,2025-09-25,BEAR,0.991607035589877,0.0946443877115223,0.2382754744165999,0.6670801378718778,BEAR,0.6670801378718778,SIDE,False,0.6670801378718778,1.0,16,80.02480827231267
INDIA_VIX,2025-09-25,2025-09-26,SIDE,0.6680204715214029,0.213139914387475,0.39553619637703524,0.3913238892354897,SIDE,0.39553619637703524,SIDE,True,0.39553619637703524,1.0,17,63.73217178262212
INDIA_VIX,2025-09-26,2025-09-29,SIDE,0.999953581633832,0.2594127215662215,0.46973238994017374,0.2708548884936047,SIDE,0.46973238994017374,SIDE,True,0.46973238994017374,0.1,1,32.18394339641043
INDIA_VIX,2025-09-29,2025-09-30,SIDE,0.9999779801674946,0.2594023449587433,0.4697387809427373,0.27085887409851933,SIDE,0.4697387809427373,SIDE,True,0.4697387809427373,0.2,2,36.18432685656423
INDIA_VIX,2025-09-30,2025-10-01,SIDE,0.9999222397573915,0.25939120129143994,0.4697245743007483,0.27088422440781174,SIDE,0.4697245743007483,BEAR,False,0.4697245743007483,0.3,3,40.1834744580449
INDIA_VIX,2025-10-01,2025-10-03,BEAR,0.8849371119002138,0.12412501674526015,0.27066173546667466,0.6052132477880652,BEAR,0.6052132477880652,BEAR,True,0.6052132477880652,0.7,1,55.31279486728391
INDIA_VIX,2025-10-03,2025-10-06,BEAR,0.9998516643663229,0.091828515524768,0.23550027769644236,0.6726712067787897,BEAR,0.6726712067787897,BEAR,True,0.6726712067787897,0.7,2,60.860272406727375
INDIA_VIX,2025-10-06,2025-10-07,BEAR,0.9992191467019291,0.09204875055049207,0.23571471433697935,0.6722365351125287,BEAR,0.6722365351125287,BEAR,True,0.6722365351125287,0.7,3,62.334192106751715
INDIA_VIX,2025-10-07,2025-10-08,BEAR,0.9998870074005585,0.09181606172891431,0.23548835102835197,0.6726955872427337,BEAR,0.6726955872427337,BEAR,True,0.6726955872427337,0.7,4,63.86173523456402
INDIA_VIX,2025-10-08,2025-10-09,BEAR,0.9849564322794135,0.09683754082433398,0.24048162243432564,0.6626808367413404,BEAR,0.6626808367413404,BEAR,True,0.6626808367413404,0.4,1,51.26085020448043
INDIA_VIX,2025-10-09,2025-10-10,BEAR,0.9991715149185102,0.09206519733088386,0.23573090634516758,0.6722038963239485,BEAR,0.6722038963239485,BEAR,True,0.6722038963239485,0.5,2,55.83223377943691
INDIA_VIX,2025-10-10,2025-10-13,BEAR,0.9992869378595005,0.09202507667832521,0.23569179596714426,0.6722831273545304,BEAR,0.6722831273545304,SIDE,False,0.6722831273545304,0.6,3,59.83698764127183
INDIA_VIX,2025-10-13,2025-10-14,SIDE,0.9998557553437836,0.2594341062282397,0.46970699420746087,0.2708588995642995,SIDE,0.46970699420746087,SIDE,True,0.46970699420746087,0.1,1,32.18241965244765
INDIA_VIX,2025-10-14,2025-10-15,SIDE,0.9999864394236345,0.2593987319948337,0.4697409970027864,0.27086027100237997,SIDE,0.4697409970027864,SIDE,True,0.4697409970027864,0.2,2,36.18445982016718
INDIA_VIX,2025-10-15,2025-10-16,SIDE,0.9892975335355694,0.2577740051707756,0.46702928730647725,0.27519670752274705,SIDE,0.46702928730647725,SIDE,True,0.46702928730647725,0.4,1,39.52175723838863
INDIA_VIX,2025-10-16,2025-10-17,SIDE,0.9999624953932479,0.2593942412203293,0.4697348908773548,0.27087086790231585,SIDE,0.4697348908773548,SIDE,True,0.4697348908773548,0.3,1,37.18409345264129
INDIA_VIX,2025-10-17,2025-10-20,SIDE,0.999901101579657,0.25943501009797876,0.46971864431299765,0.2708463455890236,SIDE,0.46971864431299765,SIDE,True,0.46971864431299765,0.4,2,41.18311865877986
INDIA_VIX,2025-10-20,2025-10-21,SIDE,0.9999825668403508,0.25940042127527463,0.4697399821050595,0.2708595966196658,SIDE,0.4697399821050595,SIDE,True,0.4697399821050595,0.5,3,45.18439892630357
INDIA_VIX,2025-10-21,2025-10-23,SIDE,0.9999877721536873,0.2593981185886667,0.46974134663847544,0.27086053477285793,SIDE,0.46974134663847544,SIDE,True,0.46974134663847544,0.6,4,49.18448079830852
INDIA_VIX,2025-10-23,2025-10-24,SIDE,0.9999491714100844,0.2594146251418095,0.46973123442614295,0.2708541404320474,SIDE,0.46973123442614295,SIDE,True,0.46973123442614295,0.7,5,53.183874065568574
INDIA_VIX,2025-10-24,2025-10-27,SIDE,0.9999783067345017,0.2594022657763374,0.4697388658113389,0.27085886841232365,SIDE,0.4697388658113389,SIDE,True,0.4697388658113389,0.8,6,57.18433194868033
INDIA_VIX,2025-10-27,2025-10-28,SIDE,0.9999405208138454,0.25941829373570163,0.4697289686572941,0.27085273760700435,SIDE,0.4697289686572941,SIDE,True,0.4697289686572941,0.9,7,61.18373811943765
INDIA_VIX,2025-10-28,2025-10-29,SIDE,0.9999183992031582,0.25942767489770535,0.4697231746836299,0.2708491504186647,SIDE,0.4697231746836299,SIDE,True,0.4697231746836299,0.2,1,34.683390481017796
INDIA_VIX,2025-10-29,2025-10-30,SIDE,0.9999129736132805,0.2594299756917097,0.4697217536706982,0.27084827063759204,SIDE,0.4697217536706982,SIDE,True,0.4697217536706982,0.8,1,49.68330522024189
INDIA_VIX,2025-10-30,2025-10-31,SIDE,0.9998569986080846,0.2594537116167534,0.469707093945092,0.27083919443815446,SIDE,0.469707093945092,SIDE,True,0.469707093945092,0.9,2,53.682425636705524
INDIA_VIX,2025-10-31,2025-11-03,SIDE,0.999794159733443,0.2594803559059851,0.46969063800776345,0.27082900608625154,SIDE,0.46969063800776345,SIDE,True,0.46969063800776345,0.9,3,55.18143828046581
INDIA_VIX,2025-11-03,2025-11-04,SIDE,0.9896807030140535,0.26373862339456233,0.46706134284571493,0.2692000337597226,SIDE,0.46706134284571493,SIDE,True,0.46706134284571493,0.9,4,56.52368057074288
INDIA_VIX,2025-11-04,2025-11-06,SIDE,0.9931661643531275,0.2622776971715038,0.46796324881537926,0.26975905401311695,SIDE,0.46796324881537926,SIDE,True,0.46796324881537926,0.9,5,58.077794928922756
INDIA_VIX,2025-11-06,2025-11-07,SIDE,0.9996764393229588,0.2595302641813009,0.46965981400242407,0.270809921816275,SIDE,0.46965981400242407,SIDE,True,0.46965981400242407,0.9,6,59.679588840145435
INDIA_VIX,2025-11-07,2025-11-10,SIDE,0.9994948355458738,0.2596072400637593,0.46961227305073744,0.2707804868855034,SIDE,0.46961227305073744,SIDE,True,0.46961227305073744,0.9,7,61.176736383044236
INDIA_VIX,2025-11-10,2025-11-11,SIDE,0.9999416028129,0.25941783469246693,0.4697292520556022,0.2708529132519309,SIDE,0.4697292520556022,SIDE,True,0.4697292520556022,0.9,8,62.68375512333613
INDIA_VIX,2025-11-11,2025-11-12,SIDE,0.9998757638356772,0.2594457545173425,0.4697120083824419,0.27084223710021565,SIDE,0.4697120083824419,SIDE,True,0.4697120083824419,0.9,9,64.18272050294651
INDIA_VIX,2025-11-12,2025-11-13,SIDE,0.9999716242237207,0.2594049905076006,0.4697371166826247,0.2708578928097747,SIDE,0.4697371166826247,SIDE,True,0.4697371166826247,1.0,10,68.18422700095749
INDIA_VIX,2025-11-13,2025-11-14,SIDE,0.999976391090119,0.2594030350140694,0.46973836452898615,0.27085860045694443,SIDE,0.46973836452898615,SIDE,True,0.46973836452898615,1.0,11,68.18430187173917
INDIA_VIX,2025-11-14,2025-11-17,SIDE,0.9999583569751372,0.2594020058400637,0.46973373886420466,0.27086425529573155,SIDE,0.46973373886420466,SIDE,True,0.46973373886420466,1.0,12,68.18402433185227
INDIA_VIX,2025-11-17,2025-11-18,SIDE,0.9996552429562946,0.25935871661784876,0.4696563003904411,0.27098498299171014,SIDE,0.4696563003904411,SIDE,True,0.4696563003904411,1.0,13,68.17937802342648
INDIA_VIX,2025-11-18,2025-11-19,SIDE,0.9999547522605289,0.2594115769546704,0.4697327038655014,0.27085571917982815,SIDE,0.4697327038655014,SIDE,True,0.4697327038655014,0.1,1,32.18396223193009
INDIA_VIX,2025-11-19,2025-11-20,SIDE,0.9999220581534621,0.2594067587906344,0.46972435136661617,0.27086888984274937,SIDE,0.46972435136661617,SIDE,True,0.46972435136661617,0.9,1,52.183461081996974
INDIA_VIX,2025-11-20,2025-11-21,SIDE,0.9999529820916827,0.2594119899388373,0.46973224402364083,0.2708557660375218,SIDE,0.46973224402364083,SIDE,True,0.46973224402364083,0.9,2,53.68393464141845
INDIA_VIX,2025-11-21,2025-11-24,SIDE,0.530155778699464,0.4288033549141241,0.36643759860353126,0.20475904648234466,BULL,0.4288033549141241,SIDE,False,0.36643759860353126,0.9,3,48.986255916211874
INDIA_VIX,2025-11-24,2025-11-25,SIDE,0.9692631191680092,0.2721651463309375,0.46186236450469387,0.26597248916436866,SIDE,0.46186236450469387,SIDE,True,0.46186236450469387,0.9,4,56.21174187028164
INDIA_VIX,2025-11-25,2025-11-26,SIDE,0.9998070189358079,0.2594671191486022,0.46969409224047093,0.2708387886109268,SIDE,0.46969409224047093,SIDE,True,0.46969409224047093,0.2,1,34.681645534428256
INDIA_VIX,2025-11-26,2025-11-27,SIDE,0.9992731591917066,0.25929708695397274,0.469558811799812,0.2711441012462153,SIDE,0.469558811799812,SIDE,True,0.469558811799812,0.3,2,38.67352870798872
INDIA_VIX,2025-11-27,2025-11-28,SIDE,0.9920679866357364,0.2581950450722418,0.46772862901910267,0.27407632590865566,SIDE,0.46772862901910267,SIDE,True,0.46772862901910267,0.4,3,42.563717741146164
INDIA_VIX,2025-11-28,2025-12-01,SIDE,0.9268126823791722,0.24850719989364456,0.45182554411292786,0.2996672559934276,SIDE,0.45182554411292786,SIDE,True,0.45182554411292786,0.5,4,45.60953264677567
INDIA_VIX,2025-12-01,2025-12-02,SIDE,0.9027761824709242,0.24505329768584425,0.4462234473625107,0.3087232549516451,SIDE,0.4462234473625107,BEAR,False,0.4462234473625107,0.6,5,49.27340684175064
INDIA_VIX,2025-12-02,2025-12-03,BEAR,0.9538897119846714,0.10634077986874117,0.25040859999498366,0.6432506201362751,BEAR,0.6432506201362751,BEAR,True,0.6432506201362751,0.1,1,42.59503720817651
INDIA_VIX,2025-12-03,2025-12-04,BEAR,0.9985739315198163,0.09227348446325762,0.23593278333420922,0.6717937322025331,BEAR,0.6717937322025331,BEAR,True,0.6717937322025331,0.2,2,48.30762393215199
INDIA_VIX,2025-12-04,2025-12-05,BEAR,0.9999871193031967,0.09178141592274343,0.23545424353164127,0.6727643405456153,BEAR,0.6727643405456153,BEAR,True,0.6727643405456153,0.3,3,52.36586043273692
INDIA_VIX,2025-12-05,2025-12-08,BEAR,0.9999991452329462,0.09177758388230693,0.23544998123210897,0.6727724348855841,BEAR,0.6727724348855841,BEAR,True,0.6727724348855841,0.4,4,56.36634609313504
INDIA_VIX,2025-12-08,2025-12-09,BEAR,0.9639703981611748,0.10341062011130867,0.2472358215843267,0.6493535583043646,BEAR,0.6493535583043646,BEAR,True,0.6493535583043646,0.5,5,58.96121349826187
INDIA_VIX,2025-12-09,2025-12-10,BEAR,0.998594777586551,0.09226614633902994,0.23592578631376443,0.6718080673472057,BEAR,0.6718080673472057,BEAR,True,0.6718080673472057,0.6,6,64.30848404083234
INDIA_VIX,2025-12-10,2025-12-11,BEAR,0.999105606531272,0.09208872468528013,0.23575292198683528,0.6721583533278847,BEAR,0.6721583533278847,BEAR,True,0.6721583533278847,0.7,7,68.32950119967308
INDIA_VIX,2025-12-11,2025-12-12,BEAR,0.9999953954758398,0.091778581092784,0.23545140861458122,0.6727700102926348,BEAR,0.6727700102926348,BEAR,True,0.6727700102926348,0.8,8,72.36620061755808
INDIA_VIX,2025-12-12,2025-12-15,BEAR,0.9999992166445546,0.09177711991001114,0.23545017547315034,0.6727727046168386,BEAR,0.6727727046168386,BEAR,True,0.6727727046168386,0.9,9,76.36636227701031
INDIA_VIX,2025-12-15,2025-12-16,BEAR,0.9999955212699254,0.0917784056405792,0.23545143138964456,0.6727701629697763,BEAR,0.6727701629697763,BEAR,True,0.6727701629697763,1.0,10,80.36620977818659
INDIA_VIX,2025-12-16,2025-12-17,BEAR,0.9999991123303303,0.09177701152082658,0.2354502829208291,0.6727727055583443,BEAR,0.6727727055583443,BEAR,True,0.6727727055583443,1.0,11,80.36636233350066
INDIA_VIX,2025-12-17,2025-12-18,BEAR,0.999999481135573,0.09177704246110109,0.23545007832919626,0.6727728792097027,BEAR,0.6727728792097027,BEAR,True,0.6727728792097027,1.0,12,80.36637275258217
INDIA_VIX,2025-12-18,2025-12-19,BEAR,0.9999994601258176,0.09177715505547528,0.23545003307967485,0.6727728118648499,BEAR,0.6727728118648499,BEAR,True,0.6727728118648499,1.0,13,80.36636871189098
INDIA_VIX,2025-12-19,2025-12-22,BEAR,0.9999995700546209,0.09177701584718373,0.2354500459572469,0.6727729381955694,BEAR,0.6727729381955694,BEAR,True,0.6727729381955694,1.0,14,80.36637629173417
INDIA_VIX,2025-12-22,2025-12-23,BEAR,0.9999995815655077,0.09177672762869384,0.23545018347080696,0.6727730889004992,BEAR,0.6727730889004992,BEAR,True,0.6727730889004992,1.0,15,80.36638533402996
INDIA_VIX,2025-12-23,2025-12-24,BEAR,0.9999996328007867,0.09177690515797694,0.23545006884807876,0.6727730259939442,BEAR,0.6727730259939442,BEAR,True,0.6727730259939442,1.0,16,80.36638155963665
INDIA_VIX,2025-12-24,2025-12-26,BEAR,0.9999993695931688,0.09177737515356525,0.23544997000072743,0.6727726548457073,BEAR,0.6727726548457073,BEAR,True,0.6727726548457073,1.0,17,80.36635929074244
INDIA_VIX,2025-12-26,2025-12-29,BEAR,0.9999993596820872,0.09177739117199517,0.2354499671142228,0.6727726417137821,BEAR,0.6727726417137821,BEAR,True,0.6727726417137821,1.0,18,80.36635850282693
INDIA_VIX,2025-12-29,2025-12-30,BEAR,0.9999129327626223,0.09180839399556226,0.23547887079973878,0.6727127352046989,BEAR,0.6727127352046989,BEAR,True,0.6727127352046989,1.0,19,80.36276411228192
INDIA_VIX,2025-12-30,2025-12-31,BEAR,0.9999748826104043,0.09178533134554386,0.23545857223513142,0.6727560964193247,BEAR,0.6727560964193247,BEAR,True,0.6727560964193247,1.0,20,80.36536578515948
INDIA_VIX,2025-12-31,2026-01-01,BEAR,0.9999972754902149,0.09177744429047177,0.23545100986176154,0.6727715458477667,BEAR,0.6727715458477667,BEAR,True,0.6727715458477667,1.0,21,80.36629275086601
INDIA_VIX,2026-01-01,2026-01-02,BEAR,0.9999996371049172,0.0917766643483994,0.23545018646777388,0.6727731491838268,BEAR,0.6727731491838268,BEAR,True,0.6727731491838268,1.0,22,80.3663889510296
INDIA_VIX,2026-01-02,2026-01-05,BEAR,0.9999736610306593,0.0917859847199117,0.23545887372743599,0.6727551415526523,BEAR,0.6727551415526523,BEAR,True,0.6727551415526523,1.0,23,80.36530849315913
INDIA_VIX,2026-01-05,2026-01-06,BEAR,0.6140748115609721,0.17362111816996365,0.33638593400307665,0.4899929478269597,BEAR,0.4899929478269597,SIDE,False,0.4899929478269597,0.1,1,33.39957686961758
INDIA_VIX,2026-01-06,2026-01-07,SIDE,0.6377939523010077,0.20909005590608787,0.3892801604277122,0.40162978366619984,BEAR,0.40162978366619984,SIDE,False,0.3892801604277122,0.9,1,47.356809625662734
INDIA_VIX,2026-01-07,2026-01-08,SIDE,0.6395776204056589,0.20933318312034585,0.38964818609182295,0.4010186307878311,BEAR,0.4010186307878311,SIDE,False,0.38964818609182295,0.9,2,48.87889116550937
INDIA_VIX,2026-01-08,2026-01-09,SIDE,0.9999491519123895,0.2594141063161558,0.4697312352610749,0.2708546584227694,SIDE,0.4697312352610749,SIDE,True,0.4697312352610749,0.2,1,34.683874115664494
INDIA_VIX,2026-01-09,2026-01-12,SIDE,0.9999233984171337,0.25942555448400967,0.46972448403928835,0.27084996147670193,SIDE,0.46972448403928835,SIDE,True,0.46972448403928835,0.3,2,38.6834690423573
INDIA_VIX,2026-01-12,2026-01-13,SIDE,0.9990623360813062,0.2597904836928291,0.46949910201043277,0.2707104142967382,SIDE,0.46949910201043277,SIDE,True,0.46949910201043277,0.1,1,32.16994612062597
INDIA_VIX,2026-01-13,2026-01-14,SIDE,0.9998389518597959,0.25946136382471563,0.46970236779746766,0.2708362683778167,SIDE,0.46970236779746766,SIDE,True,0.46970236779746766,0.2,2,36.182142067848055
INDIA_VIX,2026-01-14,2026-01-16,SIDE,0.9997590372712741,0.25949524714376376,0.4696814409632054,0.2708233118930308,SIDE,0.4696814409632054,SIDE,True,0.4696814409632054,0.3,3,40.180886457792326
INDIA_VIX,2026-01-16,2026-01-19,SIDE,0.9997394341504793,0.2595035581677709,0.46967630796273835,0.2708201338694908,SIDE,0.46967630796273835,SIDE,True,0.46967630796273835,0.4,4,44.18057847776431
INDIA_VIX,2026-01-19,2026-01-20,SIDE,0.9915503009920024,0.2629558357055303,0.4675445786359325,0.2694995856585371,SIDE,0.4675445786359325,BULL,False,0.4675445786359325,0.5,5,48.052674718155956
INDIA_VIX,2026-01-20,2026-01-21,BULL,0.9934774126919093,0.6501541399802155,0.23940992440261824,0.11043593561716625,BULL,0.6501541399802155,BULL,True,0.6501541399802155,0.6,6,63.00924839881292
INDIA_VIX,2026-01-21,2026-01-22,BULL,0.9999999999716076,0.6541986612577638,0.23726691725212656,0.10853442149010958,BULL,0.6541986612577638,BULL,True,0.6541986612577638,0.7,7,67.25191967546581
INDIA_VIX,2026-01-22,2026-01-23,BULL,0.9999953423452017,0.6541957465757811,0.23726845772149163,0.10853579570272734,BULL,0.6541957465757811,BULL,True,0.6541957465757811,0.8,8,71.25174479454687
INDIA_VIX,2026-01-23,2026-01-27,BULL,0.999999999654805,0.6541986610595112,0.23726691735690697,0.10853442158358187,BULL,0.6541986610595112,BULL,True,0.6541986610595112,0.9,9,75.25191966357067
INDIA_VIX,2026-01-27,2026-01-28,BULL,0.9999999997625562,0.6541986611269412,0.23726691732126884,0.10853442155178995,BULL,0.6541986611269412,BULL,True,0.6541986611269412,1.0,10,79.25191966761648
INDIA_VIX,2026-01-28,2026-01-29,BULL,0.9977968875905263,0.6528242731279278,0.23799393696646057,0.10918178990561161,BULL,0.6528242731279278,BULL,True,0.6528242731279278,1.0,11,79.16945638767567
INDIA_VIX,2026-01-29,2026-01-30,BULL,0.9140793528676017,0.6057916169204306,0.263530478261387,0.1306779048181824,BULL,0.6057916169204306,BULL,True,0.6057916169204306,1.0,12,76.34749701522584
INDIA_VIX,2026-01-30,2026-02-01,BULL,0.930880780020241,0.6145415272508411,0.2586936222138195,0.12676485053533945,BULL,0.6145415272508411,BULL,True,0.6145415272508411,1.0,13,76.87249163505047
INDIA_VIX,2026-02-01,2026-02-02,BULL,0.9999999946322902,0.654198657916466,0.23726691901806796,0.1085344230654661,BULL,0.654198657916466,BULL,True,0.654198657916466,1.0,14,79.25191947498796
INDIA_VIX,2026-02-02,2026-02-03,BULL,0.9756757863979162,0.6394715878225807,0.24511971856197468,0.11540869361544445,BULL,0.6394715878225807,SIDE,False,0.6394715878225807,1.0,15,78.36829526935483
INDIA_VIX,2026-02-03,2026-02-04,SIDE,0.8369271000615869,0.32272009008687363,0.4307923115903687,0.24648759832275766,SIDE,0.4307923115903687,SIDE,True,0.4307923115903687,1.0,16,65.84753869542212
INDIA_VIX,2026-02-04,2026-02-05,SIDE,0.9980926964719935,0.2601524351215144,0.46924610561369473,0.27060145926479084,SIDE,0.46924610561369473,SIDE,True,0.46924610561369473,1.0,17,68.15476633682168
INDIA_VIX,2026-02-05,2026-02-06,SIDE,0.9996210374214572,0.2594161675852999,0.46964684793750283,0.27093698447719733,SIDE,0.46964684793750283,SIDE,True,0.46964684793750283,1.0,18,68.17881087625017
INDIA_VIX,2026-02-06,2026-02-09,SIDE,0.9952108962699026,0.25879899151419583,0.4685230463862271,0.272677962099577,SIDE,0.4685230463862271,SIDE,True,0.4685230463862271,1.0,19,68.11138278317362
INDIA_VIX,2026-02-09,2026-02-10,SIDE,0.9996654305182371,0.25942049200887124,0.46965821210832553,0.2709212958828032,SIDE,0.46965821210832553,SIDE,True,0.46965821210832553,1.0,20,68.17949272649953
INDIA_VIX,2026-02-10,2026-02-11,SIDE,0.8831431449351748,0.24293633013777982,0.44167237370897683,0.3153912961532434,SIDE,0.44167237370897683,SIDE,True,0.44167237370897683,0.1,1,30.500342422538612
INDIA_VIX,2026-02-11,2026-02-12,SIDE,0.5117596315385645,0.1924307795261837,0.363076000624421,0.4444932198493953,BEAR,0.4444932198493953,SIDE,False,0.363076000624421,0.2,2,29.78456003746526
INDIA_VIX,2026-02-12,2026-02-13,SIDE,0.6649459810745254,0.21301915418443143,0.3948494092204743,0.3921314365950943,SIDE,0.3948494092204743,SIDE,True,0.3948494092204743,0.3,3,35.690964553228454
INDIA_VIX,2026-02-13,2026-02-16,SIDE,0.9832452005832457,0.26641836137684966,0.46540741805841707,0.26817422056473333,SIDE,0.46540741805841707,SIDE,True,0.46540741805841707,0.7,1,46.92444508350502
INDIA_VIX,2026-02-16,2026-02-17,SIDE,0.9987106081788224,0.2599394238435846,0.46940711847162075,0.2706534576847946,SIDE,0.46940711847162075,SIDE,True,0.46940711847162075,0.7,2,48.66442710829725
INDIA_VIX,2026-02-17,2026-02-18,SIDE,0.999549876609949,0.25958109480749936,0.46962671135911704,0.2707921938333836,SIDE,0.46962671135911704,SIDE,True,0.46962671135911704,0.4,1,39.67760268154702
INDIA_VIX,2026-02-18,2026-02-19,SIDE,0.9987732565139452,0.25939340877201633,0.46942920979430336,0.27117738143368036,SIDE,0.46942920979430336,SIDE,True,0.46942920979430336,0.1,1,32.165752587658204
INDIA_VIX,2026-02-19,2026-02-20,SIDE,0.9961175951528713,0.2610352019432258,0.46873043149055893,0.27023436656621524,SIDE,0.46873043149055893,SIDE,True,0.46873043149055893,0.5,1,42.12382588943353
INDIA_VIX,2026-02-20,2026-02-23,SIDE,0.9077863654688473,0.29638972571820604,0.44694748235664983,0.25666279192514424,SIDE,0.44694748235664983,SIDE,True,0.44694748235664983,0.6,2,44.81684894139899
INDIA_VIX,2026-02-23,2026-02-24,SIDE,0.9477828057664631,0.28080900446698176,0.45653500017110277,0.2626559953619155,SIDE,0.45653500017110277,SIDE,True,0.45653500017110277,0.7,3,49.39210001026616
INDIA_VIX,2026-02-24,2026-02-25,SIDE,0.9853909506666704,0.2655273829582266,0.4659572666429358,0.26851535039883756,SIDE,0.4659572666429358,SIDE,True,0.4659572666429358,0.7,4,51.45743599857615
INDIA_VIX,2026-02-25,2026-02-26,SIDE,0.9992102758182302,0.25972781308242987,0.46953780508451837,0.2707343818330519,SIDE,0.46953780508451837,SIDE,True,0.46953780508451837,0.7,5,53.1722683050711
INDIA_VIX,2026-02-26,2026-02-27,SIDE,0.999807733453856,0.25947357169349194,0.46969420397106465,0.27083222433544335,SIDE,0.46969420397106465,SIDE,True,0.46969420397106465,0.7,6,54.68165223826388
INDIA_VIX,2026-02-27,2026-03-02,SIDE,0.9997167091491111,0.25951319237778814,0.46967035769390414,0.2708164499283077,SIDE,0.46967035769390414,BULL,False,0.46967035769390414,0.2,1,34.68022146163425
INDIA_VIX,2026-03-02,2026-03-04,BULL,0.9999999999999982,0.6541986612755304,0.2372669172427366,0.10853442148173305,BULL,0.6541986612755304,BULL,True,0.6541986612755304,0.1,1,43.25191967653183
INDIA_VIX,2026-03-04,2026-03-05,BULL,1.0,0.6541986612755314,0.23726691724273602,0.10853442148173256,BULL,0.6541986612755314,BULL,True,0.6541986612755314,0.2,2,47.251919676531884
INDIA_VIX,2026-03-05,2026-03-06,BULL,1.0,0.6541986612755314,0.23726691724273602,0.10853442148173256,BULL,0.6541986612755314,BULL,True,0.6541986612755314,0.3,3,51.251919676531884
INDIA_VIX,2026-03-06,2026-03-09,BULL,1.0,0.6541986612755314,0.23726691724273602,0.10853442148173256,BULL,0.6541986612755314,BULL,True,0.6541986612755314,0.4,4,55.25191967653189
INDIA_VIX,2026-03-09,2026-03-10,BULL,1.0,0.6541986612755314,0.23726691724273602,0.10853442148173256,BULL,0.6541986612755314,BULL,True,0.6541986612755314,0.5,5,59.25191967653187
INDIA_VIX,2026-03-10,2026-03-11,BULL,1.0,0.6541986612755314,0.23726691724273602,0.10853442148173256,BULL,0.6541986612755314,BULL,True,0.6541986612755314,0.6,6,63.25191967653188
INDIA_VIX,2026-03-11,2026-03-12,BULL,1.0,0.6541986612755314,0.23726691724273602,0.10853442148173256,BULL,0.6541986612755314,BULL,True,0.6541986612755314,0.7,7,67.25191967653188
INDIA_VIX,2026-03-12,2026-03-13,BULL,1.0,0.6541986612755314,0.23726691724273602,0.10853442148173256,BULL,0.6541986612755314,BULL,True,0.6541986612755314,0.8,8,71.25191967653188
INDIA_VIX,2026-03-13,2026-03-16,BULL,1.0,0.6541986612755314,0.23726691724273602,0.10853442148173256,BULL,0.6541986612755314,BULL,True,0.6541986612755314,0.9,9,75.25191967653188
INDIA_VIX,2026-03-16,2026-03-17,BULL,1.0,0.6541986612755314,0.23726691724273602,0.10853442148173256,BULL,0.6541986612755314,BULL,True,0.6541986612755314,1.0,10,79.25191967653188
INDIA_VIX,2026-03-17,2026-03-18,BULL,0.9999999999999911,0.6541986612755256,0.23726691724273904,0.10853442148173525,BULL,0.6541986612755256,BULL,True,0.6541986612755256,1.0,11,79.25191967653154
INDIA_VIX,2026-03-18,2026-03-19,BULL,0.99999999997859,0.6541986612621332,0.2372669172498173,0.10853442148804959,BULL,0.6541986612621332,BULL,True,0.6541986612621332,1.0,12,79.25191967572799
INDIA_VIX,2026-03-19,2026-03-20,BULL,1.0,0.6541986612755314,0.23726691724273602,0.10853442148173256,BULL,0.6541986612755314,BULL,True,0.6541986612755314,1.0,13,79.25191967653188
INDIA_VIX,2026-03-20,2026-03-23,BULL,1.0,0.6541986612755314,0.23726691724273602,0.10853442148173256,BULL,0.6541986612755314,BULL,True,0.6541986612755314,1.0,14,79.25191967653188
INDIA_VIX,2026-03-23,2026-03-24,BULL,1.0,0.6541986612755314,0.23726691724273602,0.10853442148173256,BULL,0.6541986612755314,BULL,True,0.6541986612755314,1.0,15,79.25191967653188
INDIA_VIX,2026-03-24,2026-03-25,BULL,1.0,0.6541986612755314,0.23726691724273602,0.10853442148173256,BULL,0.6541986612755314,BULL,True,0.6541986612755314,1.0,16,79.25191967653188
INDIA_VIX,2026-03-25,2026-03-27,BULL,1.0,0.6541986612755314,0.23726691724273602,0.10853442148173256,BULL,0.6541986612755314,BULL,True,0.6541986612755314,1.0,17,79.25191967653188
INDIA_VIX,2026-03-27,2026-03-30,BULL,1.0,0.6541986612755314,0.23726691724273602,0.10853442148173256,BULL,0.6541986612755314,BULL,True,0.6541986612755314,1.0,18,79.25191967653188
INDIA_VIX,2026-03-30,2026-04-01,BULL,1.0,0.6541986612755314,0.23726691724273602,0.10853442148173256,BULL,0.6541986612755314,BULL,True,0.6541986612755314,1.0,19,79.25191967653188
INDIA_VIX,2026-04-01,2026-04-02,BULL,1.0,0.6541986612755314,0.23726691724273602,0.10853442148173256,BULL,0.6541986612755314,BULL,True,0.6541986612755314,1.0,20,79.25191967653188
INDIA_VIX,2026-04-02,2026-04-06,BULL,1.0,0.6541986612755314,0.23726691724273602,0.10853442148173256,BULL,0.6541986612755314,BULL,True,0.6541986612755314,1.0,21,79.25191967653188
INDIA_VIX,2026-04-06,2026-04-07,BULL,0.9999999999999978,0.6541986612755301,0.2372669172427367,0.10853442148173317,BULL,0.6541986612755301,BULL,True,0.6541986612755301,1.0,22,79.25191967653181
INDIA_VIX,2026-04-07,2026-04-08,BULL,0.9999999999766733,0.6541986612609338,0.23726691725045113,0.10853442148861503,BULL,0.6541986612609338,BULL,True,0.6541986612609338,1.0,23,79.25191967565603
INDIA_VIX,2026-04-08,2026-04-09,BULL,0.9999999999999991,0.654198661275531,0.2372669172427361,0.10853442148173298,BULL,0.654198661275531,BULL,True,0.654198661275531,0.1,1,43.251919676531855
INDIA_VIX,2026-04-09,2026-04-10,BULL,0.9999999955784449,0.6541986583034057,0.237266918462453,0.10853442323414127,BULL,0.6541986583034057,BULL,True,0.6541986583034057,0.1,1,43.251919498204344
INDIA_VIX,2026-04-10,2026-04-13,BULL,0.9999992996555306,0.6541978500001778,0.23726670764050542,0.10853544235931673,BULL,0.6541978500001778,BULL,True,0.6541978500001778,0.2,1,45.75187100001067
INDIA_VIX,2026-04-13,2026-04-15,BULL,0.999999562680126,0.6541983860490943,0.23726706004283826,0.10853455390806742,BULL,0.6541983860490943,BULL,True,0.6541983860490943,0.3,2,49.75190316294565
INDIA_VIX,2026-04-15,2026-04-16,BULL,0.9999992616767005,0.6541978049995053,0.237266695083594,0.10853549991690073,BULL,0.6541978049995053,BULL,True,0.6541978049995053,0.2,1,45.75186829997032
INDIA_VIX,2026-04-16,2026-04-17,BULL,0.9999843963396853,0.6541805523672101,0.23726220588616065,0.1085572417466294,BULL,0.6541805523672101,BULL,True,0.6541805523672101,0.3,2,49.750833142032604
INDIA_VIX,2026-04-17,2026-04-20,BULL,0.9999911035782821,0.6541883353587018,0.2372642301258043,0.10854743451549384,BULL,0.6541883353587018,BULL,True,0.6541883353587018,0.4,3,53.751300121522114
INDIA_VIX,2026-04-20,2026-04-21,BULL,0.9999995617429792,0.6541981630728851,0.23726679728455535,0.10853503964255962,BULL,0.6541981630728851,BULL,True,0.6541981630728851,0.5,4,57.75188978437311
INDIA_VIX,2026-04-21,2026-04-22,BULL,0.9999932378549062,0.6541908125105195,0.23726487479218925,0.10854431269729126,BULL,0.6541908125105195,BULL,True,0.6541908125105195,0.6,5,61.75144875063117
INDIA_VIX,2026-04-22,2026-04-23,BULL,0.9995936942877284,0.6537293690572731,0.23714585360086213,0.10912477734186482,BULL,0.6537293690572731,BULL,True,0.6537293690572731,0.7,6,65.72376214343637
INDIA_VIX,2026-04-23,2026-04-24,BULL,0.9989524108132569,0.6529974475383973,0.23696086369024938,0.1100416887713533,BULL,0.6529974475383973,BULL,True,0.6529974475383973,0.8,7,69.67984685230384
INDIA_VIX,2026-04-24,2026-04-27,BULL,0.9953869330840363,0.6512352050743436,0.2386713940803906,0.11009340084526589,BULL,0.6512352050743436,BULL,True,0.6512352050743436,0.8,8,71.07411230446063
INDIA_VIX,2026-04-27,2026-04-28,BULL,0.9832418541866361,0.6366363479638045,0.23292057052580464,0.13044308151039077,BULL,0.6366363479638045,BULL,True,0.6366363479638045,0.9,9,74.19818087782826
INDIA_VIX,2026-04-28,2026-04-29,BULL,0.8648502285087512,0.5547845677681618,0.21649969109205874,0.22871574113977952,BULL,0.5547845677681618,BEAR,False,0.5547845677681618,1.0,10,73.2870740660897
INDIA_VIX,2026-04-29,2026-04-30,BEAR,0.7370740071933373,0.2928106892326397,0.2066414706555027,0.5005478401118575,BEAR,0.5005478401118575,BEAR,True,0.5005478401118575,1.0,11,70.03287040671145
INDIA_VIX,2026-04-30,2026-05-04,BEAR,0.6867434884059282,0.3095335490113368,0.21143108475830685,0.4790353662303565,BEAR,0.4790353662303565,BEAR,True,0.4790353662303565,1.0,12,68.74212197382138
INDIA_VIX,2026-05-04,2026-05-05,BEAR,0.960730301690536,0.13762808053514097,0.2294803597863672,0.6328915596784918,BEAR,0.6328915596784918,BEAR,True,0.6328915596784918,1.0,13,77.9734935807095
INDIA_VIX,2026-05-05,2026-05-06,BEAR,0.9977951411074217,0.09407626058209773,0.23542748571330305,0.6704962537045992,BEAR,0.6704962537045992,BEAR,True,0.6704962537045992,1.0,14,80.22977522227596
INDIA_VIX,2026-05-06,2026-05-07,BEAR,0.9998387019606452,0.09205360572470554,0.235394829022175,0.6725515652531194,BEAR,0.6725515652531194,BEAR,True,0.6725515652531194,1.0,15,80.35309391518717
INDIA_VIX,2026-05-07,2026-05-08,BEAR,0.999953609197574,0.09184958588638166,0.23543750484162446,0.6727129092719939,BEAR,0.6727129092719939,BEAR,True,0.6727129092719939,1.0,16,80.36277455631962
INDIA_VIX,2026-05-08,2026-05-11,BEAR,0.9999453099210779,0.09179831050514156,0.23546728251884635,0.6727344069760121,BEAR,0.6727344069760121,SIDE,False,0.6727344069760121,1.0,17,80.36406441856073
INDIA_VIX,2026-05-11,2026-05-12,SIDE,0.9672436933095102,0.2557470976610567,0.4614995708342343,0.282753331504709,SIDE,0.4614995708342343,SIDE,True,0.4614995708342343,1.0,18,67.68997425005406
INDIA_VIX,2026-05-12,2026-05-13,SIDE,0.9998837136522296,0.25943675793564924,0.46971415353462365,0.27084908852972706,SIDE,0.46971415353462365,SIDE,True,0.46971415353462365,0.1,1,32.18284921207742
INDIA_VIX,2026-05-13,2026-05-14,SIDE,0.9999451842952191,0.2594142157887861,0.4697302137882536,0.2708555704229602,SIDE,0.4697302137882536,SIDE,True,0.4697302137882536,0.9,1,52.18381282729522
INDIA_VIX,2026-05-14,2026-05-15,SIDE,0.9969282948281544,0.2589708115606585,0.46896089984912404,0.27206828859021753,SIDE,0.46896089984912404,SIDE,True,0.46896089984912404,0.2,1,34.63765399094744
INDIA_VIX,2026-05-15,2026-05-18,SIDE,0.9992243009859642,0.25929945930254245,0.4695462273316505,0.27115431336580714,SIDE,0.4695462273316505,SIDE,True,0.4695462273316505,0.3,2,38.67277363989903
INDIA_VIX,2026-05-18,2026-05-19,SIDE,0.9999558784757901,0.2594111010417889,0.46973299883034186,0.2708559001278692,SIDE,0.46973299883034186,SIDE,True,0.46973299883034186,0.1,1,32.18397992982052
INDIA_VIX,2026-05-19,2026-05-20,SIDE,0.9949145253358271,0.25865654709346886,0.4684492685860295,0.27289418432050155,SIDE,0.4684492685860295,SIDE,True,0.4684492685860295,0.4,1,39.60695611516177
INDIA_VIX,2026-05-20,2026-05-21,SIDE,0.9728393235756798,0.2552802201820725,0.4629230471396189,0.28179673267830846,SIDE,0.4629230471396189,BEAR,False,0.4629230471396189,0.2,1,34.27538282837713
INDIA_VIX,2026-05-21,2026-05-22,BEAR,0.7127660431525225,0.15781675530579375,0.31419240743359,0.5279908372606162,BEAR,0.5279908372606162,BEAR,True,0.5279908372606162,0.5,1,45.67945023563698
INDIA_VIX,2026-05-22,2026-05-25,BEAR,0.9435010915710245,0.10923308800849377,0.2536288867191966,0.6371380252723097,BEAR,0.6371380252723097,BEAR,True,0.6371380252723097,0.6,2,56.22828151633858
INDIA_VIX,2026-05-25,2026-05-26,BEAR,0.9999845222919937,0.09178353608366414,0.23545452071676917,0.6727619431995667,BEAR,0.6727619431995667,BEAR,True,0.6727619431995667,0.2,1,46.86571659197401
INDIA_VIX,2026-05-26,2026-05-27,BEAR,0.9999991002845217,0.09177712948166648,0.23545023040246799,0.6727726401158655,BEAR,0.6727726401158655,BEAR,True,0.6727726401158655,0.3,2,50.86635840695193
INDIA_VIX,2026-05-27,2026-05-29,BEAR,0.9999879599109804,0.09179734993926728,0.2354458830022129,0.6727567670585198,BEAR,0.6727567670585198,BEAR,True,0.6727567670585198,0.3,3,52.3654060235112
INDIA_VIX,2026-05-29,2026-06-01,BEAR,0.9999515419109197,0.09180908972779608,0.23545872147760266,0.6727321887946013,BEAR,0.6727321887946013,BEAR,True,0.6727321887946013,0.4,4,56.36393132767608
INDIA_VIX,2026-06-01,2026-06-02,BEAR,0.9998743751065468,0.09182186809491177,0.23549193962301426,0.672686192282074,BEAR,0.672686192282074,BEAR,True,0.672686192282074,0.5,5,60.36117153692444
INDIA_VIX,2026-06-02,2026-06-03,BEAR,0.999996226594523,0.09178260399616747,0.23544898040920148,0.6727684155946311,BEAR,0.6727684155946311,BEAR,True,0.6727684155946311,0.6,6,64.36610493567785
INDIA_VIX,2026-06-03,2026-06-04,BEAR,0.9997160705268439,0.09188742352960465,0.2355404761102023,0.6725721003601931,BEAR,0.6725721003601931,BEAR,True,0.6725721003601931,0.7,7,68.35432602161158
INDIA_VIX,2026-06-04,2026-06-05,BEAR,0.9999902352764609,0.09178092295606581,0.23545289039866676,0.6727661866452674,BEAR,0.6727661866452674,BEAR,True,0.6727661866452674,0.3,1,49.365971198716046
INDIA_VIX,2026-06-05,2026-06-08,BEAR,0.9999918544540168,0.09178024306293724,0.23545239810705995,0.6727673588300029,BEAR,0.6727673588300029,BEAR,True,0.6727673588300029,0.8,1,61.86604152980018
INDIA_VIX,2026-06-08,2026-06-09,BEAR,0.8078808378678295,0.14069575983114044,0.29103928442862353,0.5682649557402359,BEAR,0.5682649557402359,BEAR,True,0.5682649557402359,0.2,1,40.595897344414155
INDIA_VIX,2026-06-09,2026-06-10,BEAR,0.9999564270652472,0.0918100580473005,0.23545573377053808,0.6727342081821615,BEAR,0.6727342081821615,BEAR,True,0.6727342081821615,0.8,1,61.86405249092969
INDIA_VIX,2026-06-10,2026-06-11,BEAR,0.9999748923440558,0.09178638381396813,0.23545804350888452,0.6727555726771473,BEAR,0.6727555726771473,BEAR,True,0.6727555726771473,0.8,2,63.365334360628836
INDIA_VIX,2026-06-11,2026-06-12,BEAR,0.9999608370511219,0.09179117230737531,0.2354628703559155,0.6727459573367093,BEAR,0.6727459573367093,BEAR,True,0.6727459573367093,0.8,3,64.86475744020255
INDIA_VIX,2026-06-12,2026-06-15,BEAR,0.9999980593757257,0.09177919792570458,0.23544973511160094,0.6727710669626945,BEAR,0.6727710669626945,BEAR,True,0.6727710669626945,0.8,4,66.36626401776167
INDIA_VIX,2026-06-15,2026-06-16,BEAR,0.9999988260365255,0.09177818826516959,0.2354498442338007,0.6727719675010296,BEAR,0.6727719675010296,BEAR,True,0.6727719675010296,0.8,5,67.86631805006178
INDIA_VIX,2026-06-16,2026-06-17,BEAR,0.9999668645751193,0.09183427535838676,0.23543832651278232,0.672727398128831,BEAR,0.672727398128831,BEAR,True,0.672727398128831,0.8,6,69.36364388772985
INDIA_VIX,2026-06-17,2026-06-18,BEAR,0.9999900242298142,0.09179373941969714,0.23544662081406312,0.6727596397662399,BEAR,0.6727596397662399,BEAR,True,0.6727596397662399,0.8,7,70.86557838597439
INDIA_VIX,2026-06-18,2026-06-19,BEAR,0.9999343798207754,0.09189110310409072,0.23542669948799458,0.6726821974079148,BEAR,0.6726821974079148,BEAR,True,0.6726821974079148,0.9,8,74.86093184447489
INDIA_VIX,2026-06-19,2026-06-22,BEAR,0.9999918329599344,0.09179056628378304,0.23544727204430385,0.672762161671913,BEAR,0.672762161671913,BEAR,True,0.672762161671913,0.9,9,76.36572970031479
INDIA_VIX,2026-06-22,2026-06-23,BEAR,0.9999953605867419,0.09178439376487753,0.23544853403930055,0.6727670721958219,BEAR,0.6727670721958219,BEAR,True,0.6727670721958219,1.0,10,80.36602433174932
INDIA_VIX,2026-06-23,2026-06-24,BEAR,0.999857705191648,0.09185848096018039,0.2354822643973474,0.6726592546424722,BEAR,0.6726592546424722,BEAR,True,0.6726592546424722,1.0,11,80.35955527854833
INDIA_VIX,2026-06-24,2026-06-25,BEAR,0.9999981052920026,0.09177865351455229,0.23544998246059087,0.6727713640248568,BEAR,0.6727713640248568,BEAR,True,0.6727713640248568,1.0,12,80.3662818414914
INDIA_VIX,2026-06-25,2026-06-29,BEAR,0.9999988198747909,0.09177815717813909,0.23544986286386674,0.6727719799579941,BEAR,0.6727719799579941,BEAR,True,0.6727719799579941,1.0,13,80.36631879747965
INDIA_VIX,2026-06-29,2026-06-30,BEAR,0.9999592162802606,0.09179313960171624,0.23546272272354618,0.6727441376747376,BEAR,0.6727441376747376,BEAR,True,0.6727441376747376,1.0,14,80.36464826048424
INDIA_VIX,2026-06-30,2026-07-01,BEAR,0.9999695258692313,0.0917879029886021,0.23546004032210124,0.6727520566892967,BEAR,0.6727520566892967,BEAR,True,0.6727520566892967,1.0,15,80.3651234013578
INDIA_VIX,2026-07-01,2026-07-02,BEAR,0.9999969957043807,0.09177793035694634,0.2354509115206362,0.6727711581224174,BEAR,0.6727711581224174,BEAR,True,0.6727711581224174,1.0,16,80.36626948734505
INDIA_VIX,2026-07-02,2026-07-03,BEAR,0.9999953985765712,0.09178431535610372,0.23544855356879177,0.6727671310751044,BEAR,0.6727671310751044,BEAR,True,0.6727671310751044,1.0,17,80.36602786450628
INDIA_VIX,2026-07-03,2026-07-06,BEAR,0.9999918454951048,0.09179055147468841,0.2354472729834793,0.6727621755418323,BEAR,0.6727621755418323,BEAR,True,0.6727621755418323,1.0,18,80.36573053250994
INDIA_VIX,2026-07-06,2026-07-07,BEAR,0.9999961399610665,0.09178302940704063,0.23544881315918664,0.6727681574337728,BEAR,0.6727681574337728,BEAR,True,0.6727681574337728,1.0,19,80.36608944602638
INDIA_VIX,2026-07-07,2026-07-08,BEAR,0.9999972736009368,0.09178104663173568,0.2354492182715529,0.6727697350967113,BEAR,0.6727697350967113,BULL,False,0.6727697350967113,1.0,20,80.36618410580269
INDIA_VIX,2026-07-08,2026-07-09,BULL,0.9905228733101978,0.6483459968675892,0.24037140502597348,0.11128259810643727,BULL,0.6483459968675892,BULL,True,0.6483459968675892,1.0,21,78.90075981205536
INDIA_VIX,2026-07-09,2026-07-10,BULL,0.944349756328929,0.6074511814556454,0.23204709160504697,0.1605017269393077,BULL,0.6074511814556454,BEAR,False,0.6074511814556454,1.0,22,76.44707088733873
INDIA_VIX,2026-07-10,2026-07-13,BEAR,0.6202634633929156,0.3458126112100809,0.2037701466417229,0.4504172421481962,BEAR,0.4504172421481962,BULL,False,0.4504172421481962,1.0,23,67.02503452889177
INDIA_VIX,2026-07-13,2026-07-14,BULL,0.8287260283214746,0.5402650256879462,0.2323380703964147,0.2273969039156392,BULL,0.5402650256879462,BULL,True,0.5402650256879462,1.0,24,72.41590154127677
INDIA_VIX,2026-07-14,2026-07-15,BULL,0.8018616668211861,0.5524143558302079,0.2916825795017179,0.15590306466807424,BULL,0.5524143558302079,BULL,True,0.5524143558302079,0.1,1,37.14486134981248
INDIA_VIX,2026-07-15,2026-07-16,BULL,0.707773481106546,0.5012090210388951,0.2891975300936586,0.20959344886744627,BULL,0.5012090210388951,BEAR,False,0.5012090210388951,0.2,2,38.0725412623337
INDIA_VIX,2026-07-16,2026-07-17,BEAR,0.6333703963294651,0.3230187123826524,0.21962327711871135,0.4573580104986363,BEAR,0.4573580104986363,BEAR,True,0.4573580104986363,0.3,3,39.441480629918175
INDIA_VIX,2026-07-17,2026-07-20,BEAR,0.7640800981133758,0.2413740594299123,0.2391164868823818,0.519509453687706,BEAR,0.519509453687706,BEAR,True,0.519509453687706,0.4,4,47.17056722126235
INDIA_VIX,2026-07-20,2026-07-21,BEAR,0.9612101682599457,0.1267657019956438,0.23569414627605872,0.6375401517282975,BEAR,0.6375401517282975,BEAR,True,0.6375401517282975,0.5,5,58.25240910369784
INDIA_VIX,2026-07-21,2026-07-22,BEAR,0.9989492462687419,0.09304063803378039,0.2353574719802409,0.6716018899859787,BEAR,0.6716018899859787,SIDE,False,0.6716018899859787,0.6,6,64.29611339915871
INDIA_VIX,2026-07-22,2026-07-23,SIDE,0.5396224957589021,0.20271878660498358,0.3676460404135714,0.42963517298144493,BEAR,0.42963517298144493,SIDE,False,0.3676460404135714,0.7,7,50.05876242481428
INDIA_VIX,2026-07-23,2026-07-24,SIDE,0.9800539317226372,0.25882054964392537,0.46465555646872436,0.2765238938873503,SIDE,0.46465555646872436,SIDE,True,0.46465555646872436,0.8,8,59.879333388123456
INDIA_VIX,2026-07-24,2026-07-27,SIDE,0.9976844877911538,0.26037181547807514,0.46913905086964075,0.2704891336522841,SIDE,0.46913905086964075,BEAR,False,0.46913905086964075,0.1,1,32.14834305217845
INDIA_VIX,2026-07-27,2026-07-28,BEAR,0.656044339069702,0.24101315661268333,0.27772134805463455,0.48126549533268215,BEAR,0.48126549533268215,BEAR,True,0.48126549533268215,0.1,1,32.875929719960936
INDIA_VIX,2026-07-28,2026-07-29,BEAR,0.986311067854209,0.10690823553537254,0.23456009578347822,0.6585316686811492,BEAR,0.6585316686811492,BEAR,True,0.6585316686811492,0.2,2,47.51190012086896
INDIA_VIX,2026-07-29,2026-07-30,BEAR,0.9997982687979416,0.09210531411519753,0.2353897937893369,0.6725048920954657,BEAR,0.6725048920954657,BEAR,True,0.6725048920954657,0.3,3,52.35029352572794
INDIA_VIX,2026-07-30,2026-07-31,BEAR,0.9998001859776546,0.09193487212181405,0.23547372511778006,0.672591402760406,BEAR,0.672591402760406,BEAR,True,0.672591402760406,0.6,1,56.85548416562436
INDIA_VIX,2026-07-31,2026-08-03,BEAR,0.9999675703747808,0.09182677568824862,0.2354416973289508,0.6727315269828007,BEAR,0.6727315269828007,BEAR,True,0.6727315269828007,0.6,2,58.36389161896805
INDIA_VIX,2026-08-03,2026-08-04,BEAR,0.9999165451156717,0.09186551326633169,0.2354485871103946,0.6726858996232736,BEAR,0.6726858996232736,BEAR,True,0.6726858996232736,0.6,3,59.86115397739642
INDIA_VIX,2026-08-04,2026-08-05,BEAR,0.9992348484797448,0.09220565752867493,0.23562847167271692,0.6721658707986082,BEAR,0.6721658707986082,BEAR,True,0.6721658707986082,0.6,4,61.32995224791649
INDIA_VIX,2026-08-05,2026-08-06,BEAR,0.9996241360096277,0.09190874240401489,0.23557698550971654,0.6725142720862686,BEAR,0.6725142720862686,BEAR,True,0.6725142720862686,0.4,1,51.85085632517612
INDIA_VIX,2026-08-06,2026-08-07,BEAR,0.998206150545551,0.09240057795726919,0.23605730296450864,0.6715421190782221,BEAR,0.6715421190782221,BEAR,True,0.6715421190782221,0.5,2,55.79252714469334
INDIA_VIX,2026-08-07,2026-08-10,BEAR,0.9983433254942499,0.09235248991742316,0.23601122532931954,0.6716362847532572,BEAR,0.6716362847532572,BEAR,True,0.6716362847532572,0.5,1,54.298177085195434
INDIA_VIX,2026-08-10,2026-08-11,BEAR,0.9939565166837998,0.09385304838156491,0.23748935073803615,0.6686576008803989,BEAR,0.6686576008803989,BEAR,True,0.6686576008803989,0.5,1,54.11945605282394
INDIA_VIX,2026-08-11,2026-08-12,BEAR,0.9998656205816607,0.09182358918902966,0.23549557261735932,0.6726808381936111,BEAR,0.6726808381936111,BEAR,True,0.6726808381936111,0.5,2,55.86085029161667
INDIA_VIX,2026-08-12,2026-08-13,BEAR,0.9999602852556855,0.09179041493750405,0.2354635302909108,0.6727460547715852,BEAR,0.6727460547715852,BEAR,True,0.6727460547715852,0.5,3,57.364763286295116
INDIA_VIX,2026-08-13,2026-08-14,BEAR,0.9999954162884993,0.09177808439673607,0.2354516450972931,0.6727702705059708,BEAR,0.6727702705059708,BEAR,True,0.6727702705059708,0.6,4,61.36621623035825
INDIA_VIX,2026-08-14,2026-08-17,BEAR,0.9999970900098011,0.09177748410782352,0.235451085198657,0.6727714306935193,BEAR,0.6727714306935193,BEAR,True,0.6727714306935193,0.7,5,65.36628584161114
INDIA_VIX,2026-08-17,2026-08-18,BEAR,0.9999937286051997,0.09177868565378877,0.2354522116721514,0.6727691026740598,BEAR,0.6727691026740598,BEAR,True,0.6727691026740598,0.8,6,69.36614616044358
INDIA_VIX,2026-08-18,2026-08-19,BEAR,0.999979562477516,0.0917836766008874,0.23545699504889295,0.6727593283502197,BEAR,0.6727593283502197,BEAR,True,0.6727593283502197,0.9,7,73.36555970101318
INDIA_VIX,2026-08-19,2026-08-20,BEAR,0.9999877202653717,0.09178078746051299,0.2354542479805803,0.6727649645589068,BEAR,0.6727649645589068,BEAR,True,0.6727649645589068,0.9,8,74.86589787353441
INDIA_VIX,2026-08-20,2026-08-21,BEAR,0.9999996338134964,0.0917767865024729,0.2354501273719799,0.6727730861255472,BEAR,0.6727730861255472,BEAR,True,0.6727730861255472,0.9,9,76.36638516753284
INDIA_VIX,2026-08-21,2026-08-24,BEAR,0.9998866018066096,0.09181661658981723,0.23548828288901405,0.6726951005211689,BEAR,0.6726951005211689,BEAR,True,0.6726951005211689,1.0,10,80.36170603127015
INDIA_VIX,2026-08-24,2026-08-25,BEAR,0.9931951095459032,0.09411205397226255,0.2377437128221842,0.6681442332055533,BEAR,0.6681442332055533,BEAR,True,0.6681442332055533,1.0,11,80.08865399233319
INDIA_VIX,2026-08-25,2026-08-26,BEAR,0.9999652858344069,0.09178876938288083,0.2354617841274651,0.6727494464896542,BEAR,0.6727494464896542,BEAR,True,0.6727494464896542,1.0,12,80.36496678937924
INDIA_VIX,2026-08-26,2026-08-27,BEAR,0.9999995158110482,0.09177669691275403,0.2354502324869573,0.6727730706002888,BEAR,0.6727730706002888,BEAR,True,0.6727730706002888,1.0,13,80.36638423601732
INDIA_VIX,2026-08-27,2026-08-28,BEAR,0.9993331979765985,0.09201006523200302,0.2356755830546091,0.6723143517133879,BEAR,0.6723143517133879,BEAR,True,0.6723143517133879,1.0,14,80.33886110280328
INDIA_VIX,2026-08-28,2026-08-31,BEAR,0.999994691317268,0.09177835441043035,0.23545188264009081,0.6727697629494789,BEAR,0.6727697629494789,BEAR,True,0.6727697629494789,1.0,15,80.36618577696873
INDIA_VIX,2026-08-31,2026-09-01,BEAR,0.9871575427808191,0.0961218968670328,0.23975316868031044,0.6641249344526566,BEAR,0.6641249344526566,BEAR,True,0.6641249344526566,1.0,16,79.84749606715941
INDIA_VIX,2026-09-01,2026-09-02,BEAR,0.5961711947927074,0.17629737074829283,0.34029585630650394,0.4834067729452032,BEAR,0.4834067729452032,SIDE,False,0.4834067729452032,1.0,17,69.0044063767122
INDIA_VIX,2026-09-02,2026-09-03,SIDE,0.9488475349863685,0.25169046780156507,0.45707399802794724,0.2912355341704878,SIDE,0.45707399802794724,SIDE,True,0.45707399802794724,0.1,1,31.424439881676836
INDIA_VIX,2026-09-03,2026-09-04,SIDE,0.8681979390752649,0.24017819090392664,0.43835517743551533,0.32146663166055794,SIDE,0.43835517743551533,BEAR,False,0.43835517743551533,0.9,1,50.30131064613093
INDIA_VIX,2026-09-04,2026-09-07,BEAR,0.9975084734471872,0.09265181179738274,0.23628788543926343,0.6710603027633538,BEAR,0.6710603027633538,BEAR,True,0.6710603027633538,0.9,2,65.76361816580123
INDIA_VIX,2026-09-07,2026-09-08,BEAR,0.8973864482028765,0.12109273143691023,0.2672071668226274,0.6117001017404623,BEAR,0.6117001017404623,BEAR,True,0.6117001017404623,0.9,3,63.702006104427745
INDIA_VIX,2026-09-08,2026-09-09,BEAR,0.7016578411572388,0.15962859900481277,0.3167986035782749,0.5235727974169123,BEAR,0.5235727974169123,SIDE,False,0.5235727974169123,0.9,4,59.91436784501474
INDIA_VIX,2026-09-09,2026-09-10,SIDE,0.9999586988996728,0.25940222907641447,0.46973382426241084,0.27086394666117464,SIDE,0.46973382426241084,SIDE,True,0.46973382426241084,0.2,1,34.68402945574465
INDIA_VIX,2026-09-10,2026-09-11,SIDE,0.9999750829423311,0.2593957899072248,0.4697381100747003,0.27086610001807493,SIDE,0.4697381100747003,SIDE,True,0.4697381100747003,0.3,2,38.68428660448202
INDIA_VIX,2026-09-11,2026-09-15,SIDE,0.9999733249326351,0.25940437890215645,0.4697375609127102,0.2708580601851334,SIDE,0.4697375609127102,SIDE,True,0.4697375609127102,0.1,1,32.184253654762614
INDIA_VIX,2026-09-15,2026-09-16,SIDE,0.9659949718381098,0.2734942133574947,0.4610428566319856,0.26546293001051974,SIDE,0.4610428566319856,SIDE,True,0.4610428566319856,0.2,2,35.66257139791913
INDIA_VIX,2026-09-16,2026-09-17,SIDE,0.9982466741663143,0.2601357668248236,0.4692858623367448,0.2705783708384315,SIDE,0.4692858623367448,SIDE,True,0.4692858623367448,0.3,3,40.15715174020469
INDIA_VIX,2026-09-17,2026-09-18,SIDE,0.9999443433009231,0.25941636798778045,0.46972997327497346,0.27085365873724604,SIDE,0.46972997327497346,SIDE,True,0.46972997327497346,0.4,4,44.1837983964984
INDIA_VIX,2026-09-18,2026-09-21,SIDE,0.9456949476899194,0.251346910531338,0.4563101978989121,0.29234289156974996,SIDE,0.4563101978989121,SIDE,True,0.4563101978989121,0.5,5,47.37861187393472
INDIA_VIX,2026-09-21,2026-09-22,SIDE,0.698397829964173,0.21721342878783198,0.4018479196848694,0.3809386515272988,SIDE,0.4018479196848694,BEAR,False,0.4018479196848694,0.3,1,33.11087518109216
INDIA_VIX,2026-09-22,2026-09-23,BEAR,0.9552891534182936,0.10591376657553692,0.24998565259054412,0.644100580833919,BEAR,0.644100580833919,BEAR,True,0.644100580833919,0.4,2,51.646034850035136
INDIA_VIX,2026-09-23,2026-09-24,BEAR,0.9999921978715893,0.09178036601076114,0.23545216075810374,0.6727674732311352,BEAR,0.6727674732311352,BULL,False,0.6727674732311352,0.1,1,44.36604839386811
INDIA_VIX,2026-09-24,2026-09-25,BULL,0.8496927961867088,0.5746092356694997,0.28102611548403855,0.14436464884646175,BULL,0.5746092356694997,SIDE,False,0.5746092356694997,0.6,1,50.97655414016998
INDIA_VIX,2026-09-25,2026-09-28,SIDE,0.9234339305820125,0.2903619368110855,0.45065102493295117,0.25898703825596314,SIDE,0.45065102493295117,BULL,False,0.45065102493295117,0.7,2,47.539061495977066
INDIA_VIX,2026-09-28,2026-09-29,BULL,0.7981639892320052,0.5517628122384156,0.2940640380490381,0.15417314971254636,BULL,0.5517628122384156,,,0.5517628122384156,0.7,3,55.10576873430494
