date,return
2017-11-03,0.009068768598705429
2017-11-05,0.0008041622706828834
2017-11-06,-0.0031479327939290076
2017-11-07,-0.003904679124114499
2017-11-08,0.002265589035694326
2017-11-09,-0.003795872823590618
2017-11-10,0.0015463284064532181
2017-11-12,-0.0024266957903694786
2017-11-13,4.835654491873803e-05
2017-11-14,-0.0053314692922394
2017-11-15,0.00013408298302136897
2017-11-16,0.010148311436284004
2017-11-17,-0.000987808434474783
2017-11-19,0.001124603055957818
2017-11-20,0.0008996688860730522
2017-11-21,0.007662568634982583
2017-11-22,3.922120811084958e-05
2017-11-23,0.0012950456598012847
2017-11-24,0.004843040512976242
2017-11-26,0.0009373307828987712
2017-11-28,-0.002016398653528632
2017-11-29,-0.019571695160250903
2017-11-30,-0.0010466015914502318
2017-12-01,-0.0055364616074775755
2017-12-03,0.0004451130793408285
2017-12-04,-0.011992265259455985
2017-12-05,-0.001212812948722313
2017-12-06,0.00893768730555659
2017-12-07,0.0072876145090476465
2017-12-08,0.0036594937518967395
2017-12-10,0.0015567105268340072
2017-12-11,0.0025147117951080152
2017-12-12,-0.004913748258350367
2017-12-13,0.0006418298843144622
2017-12-14,0.0041218483818821145
2017-12-15,0.009216130559303043
2017-12-17,0.0025136781842097504
2017-12-18,0.007762681799629397
2017-12-19,-0.0032596272508176715
2017-12-20,-0.00044311962146127335
2017-12-22,-0.0005083314256701318
2017-12-25,0.0017597093396004506
2017-12-26,-0.00503077354318042
2017-12-27,-0.0014511788797258692
2017-12-28,0.004517800475414623
2017-12-29,-0.004197292895985199
2017-12-31,-0.0015235438796429095
2018-01-01,-0.002355363751546515
2018-01-02,0.013385609709408684
2018-01-03,0.009288277572713152
2018-01-04,0.005092059899584934
2018-01-05,0.007067572019807141
2018-01-07,0.002554778801675359
2018-01-08,0.005983893809018229
2018-01-09,-0.0018290153584246888
2018-01-10,-0.0005262097905531547
2018-01-11,0.0038810808942258143
2018-01-12,0.0027741605854823006
2018-01-14,0.0005606312489027717
2018-01-15,-0.002016935148016551
2018-01-17,0.002961455753524703
2018-01-18,0.005684266245955738
2018-01-19,0.003943757514693694
2018-01-21,0.002578432448521426
2018-01-22,0.010139655707944064
2018-01-23,0.010219756550843841
2018-01-24,-0.005427266678364096
2018-01-25,-0.0001791453266103396
2018-01-26,0.0068460407046007435
2018-01-28,-0.00048006129584433205
2018-01-29,-0.0023635356502255287
2018-01-30,-0.007333232479189469
2018-01-31,0.004415452405070575
2018-02-01,-0.01615627570482844
2018-02-02,-0.014507736581957913
2018-02-04,-0.0017153891153474242
2018-02-05,-0.02799155812565854
2018-02-06,0.016170555608439385
2018-02-07,-0.0024236504111903646
2018-02-08,-0.023925049744138602
2018-02-11,0.0039904952183744975
2018-02-12,0.01121079427979464
2018-02-13,0.002776208345236327
2018-02-14,0.0060181933495922465
2018-02-15,0.008023066802414382
2018-02-16,-0.004595382761305479
2018-02-18,-0.0031311995054010165
2018-02-19,-0.0005175289773438328
2018-02-20,0.000624862432367667
2018-02-21,-0.0016931523114853404
2018-02-22,0.007475653803958771
2018-02-23,0.01175585826131313
2018-02-25,0.0028671100952384954
2018-02-26,0.007500789532997546
2018-02-27,-0.00907137420760879
2018-02-28,-0.008515092618451178
2018-03-01,-0.01046875931160891
2018-03-02,0.006151831730715066
2018-03-04,-0.003322505210716018
2018-03-05,0.00017049623970771314
2018-03-07,0.0007187151244401578
2018-03-08,0.0024183748432406223
2018-03-09,0.00873488283818979
2018-03-11,0.0043235806616626305
2018-03-12,0.010077215970610336
2018-03-13,-0.006013934091216888
2018-03-14,-0.0003357358510831105
2018-03-15,-0.003274043500603396
2018-03-16,-0.006130015016335996
2018-03-18,-0.004352803598960233
2018-03-19,-0.014657233260309066
2018-03-20,0.0013580349497110868
2018-03-21,-0.0008911595529901838
2018-03-22,-0.016540870502490274
2018-03-23,-0.015811878704519743
2018-03-25,0.004599953723256113
2018-03-26,0.02571867834566803
2018-03-27,-0.024148439377373543
2018-03-28,-0.012140624617887867
2018-03-29,0.01151244224155431
2018-04-02,-0.01295771695787488
2018-04-03,0.006194818141806557
2018-04-04,0.012330163237421275
2018-04-05,0.013083238021927191
2018-04-06,-0.01067010208254917
2018-04-08,0.0010810529467177104
2018-04-09,0.0040995530324240146
2018-04-10,0.015366717654773559
2018-04-11,-0.0023067128669700095
2018-04-12,0.00485205129672671
2018-04-13,0.0018557424446112942
2018-04-15,0.0020183726362387995
2018-04-16,0.002362053261788797
2018-04-17,0.012194107209508644
2018-04-18,0.0004123123699667452
2018-04-19,-0.001947624899065946
2018-04-20,-0.010478291756960795
2018-04-22,0.0013477699028687415
2018-04-23,-0.0037472697387070436
2018-04-24,-0.013234486770777288
2018-04-26,0.01717242137379106
2018-04-27,0.005749547743933336
2018-04-29,0.002112542143651976
2018-04-30,-0.0016996978238087808
2018-05-01,0.0032599610504125453
2018-05-02,-0.0016606191671396503
2018-05-03,-0.0040083086798377385
2018-05-04,0.010754858950550332
2018-05-06,0.0029553458847184464
2018-05-07,0.008298657893128778
2018-05-08,0.0016605472123948398
2018-05-09,0.0033248022078991284
2018-05-10,0.0062924676524098964
2018-05-11,-8.713492280213092e-06
2018-05-13,-0.0017573539660764388
2018-05-14,-0.001520996136766569
2018-05-15,-0.0081393769037718
2018-05-16,-0.00119047740644081
2018-05-17,-0.006735195363691655
2018-05-18,-0.00495814085094459
2018-05-21,0.006649448395014286
2018-05-22,-0.005262503179387002
2018-05-23,0.007006230501781806
2018-05-24,0.007939180318015625
2018-05-25,0.0037691004445232676
2018-05-27,0.0044522320108142084
2018-05-28,0.0011467817692150963
2018-05-29,-0.0036619125365192173
2018-05-30,0.0054386832374739335
2018-05-31,0.0026611748984204037
2018-06-01,0.007108536285189767
2018-06-03,-0.003089225341866305
2018-06-04,-0.0010728787322078722
2018-06-05,0.005846850467350354
2018-06-06,0.009806282938025377
2018-06-07,-0.002069823093674476
2018-06-08,-0.0018291263725110926
2018-06-10,0.0002968698577088302
2018-06-11,0.005550022875769051
2018-06-12,0.004058157165510518
2018-06-14,0.005565518146020909
2018-06-15,-0.0029482031067481268
2018-06-17,-0.0011596316816821419
2018-06-18,-0.0005875348432579512
2018-06-19,-0.0019051245468742675
2018-06-20,0.006027955438673515
2018-06-21,-0.0032814382467877784
2018-06-22,-0.0020013864471344713
2018-06-24,-0.002776125232762671
2018-06-25,-0.013586384874477797
2018-06-26,0.001138448848036988
2018-06-27,-0.011717347488934684
2018-06-28,0.009534550490345493
2018-06-29,-0.0025914803149007107
2018-07-01,-0.002384307293145992
2018-07-02,0.005080907870190255
2018-07-03,-0.009343886561633711
2018-07-04,0.00018828956242394586
2018-07-05,0.008725477892260915
2018-07-06,0.0061948993285326605
2018-07-09,0.01066647140797144
2018-07-10,0.0006626363461481253
2018-07-11,-0.003120691777848551
2018-07-12,-0.0012201986840592075
2018-07-13,-0.0025122715625830773
2018-07-15,-0.006562822069425378
2018-07-16,0.0020600327248179832
2018-07-17,0.0036203237057545906
2018-07-18,-0.004086519481887765
2018-07-19,-0.001132421500845949
2018-07-20,0.0005687314428254739
2018-07-22,0.004200207362142096
2018-07-23,0.007663305583786381
2018-07-24,0.0026254254423587545
2018-07-25,0.011997815319023171
2018-07-26,-0.006788464707935963
2018-07-27,-0.005309634912331739
2018-07-29,0.0018633443640061855
2018-07-30,-0.005695398688223524
2018-07-31,0.001506746168347844
2018-08-02,0.01508424000998372
2018-08-03,0.0027499749166151185
2018-08-05,0.0010363942341734202
2018-08-06,0.004516295391774615
2018-08-07,0.0069947434618055715
2018-08-08,0.0026458260263829783
2018-08-09,-0.0025567953906188387
2018-08-10,-0.004660345651828863
2018-08-12,-0.0029603630902780764
2018-08-13,0.0005599458930861362
2018-08-14,0.00219844066287532
2018-08-15,-0.0076789121634389884
2018-08-16,0.0017263525636524444
2018-08-17,-0.003389495428755257
2018-08-19,0.0033199664824446586
2018-08-20,0.002122168060764629
2018-08-21,0.0038942178156350826
2018-08-22,0.00362597904823828
2018-08-23,-0.0028533186488352473
2018-08-24,0.004924355515068792
2018-08-27,0.007932872927641985
2018-08-28,0.0007777123069346901
2018-08-29,0.004304254482911928
2018-08-30,0.001377527676277319
2018-08-31,-0.0002422747342661405
2018-09-02,-0.0024489823730051872
2018-09-03,-0.008960286084367016
2018-09-04,-0.007430267397768467
2018-09-05,-0.006930781809830218
2018-09-06,-0.0012145993616848203
2018-09-07,0.0005114158409974183
2018-09-09,-0.0059886604564723354
2018-09-10,-0.002625348864510767
2018-09-11,0.0029122216852983124
2018-09-12,-0.0006025413137406651
2018-09-13,0.009839971746238378
2018-09-14,0.0025135252478095563
2018-09-16,-0.003547102106718704
2018-09-17,-0.014397994823382896
2018-09-18,-0.001059751783917569
2018-09-20,-0.002936221960806651
2018-09-21,-0.007578208697374357
2018-09-23,-0.008951853169847096
2018-09-24,0.002580705423806117
2018-09-25,0.0050583884165803904
2018-09-26,-0.004012124195009275
2018-09-27,-0.0026617202044505826
2018-09-28,-0.004976951499442906
2018-09-30,0.0020366018864544162
2018-10-01,0.011181911775259998
2018-10-02,-0.008619299668297106
2018-10-03,-0.008803980481944263
2018-10-04,-0.02192771098166845
2018-10-05,-0.011439635573330198
2018-10-07,-0.0024035297467896962
2018-10-08,-0.005516050325142739
2018-10-09,0.014813695568005294
2018-10-10,-0.02574702349599166
2018-10-11,0.0009723939897349788
2018-10-12,0.01817659751119267
2018-10-15,-0.0023662830259049954
2018-10-16,0.009944773066657735
2018-10-17,-0.002411108998541467
2018-10-18,-0.01752998015334737
2018-10-19,-0.00332258554759556
2018-10-21,-0.00268475943633444
2018-10-22,-0.0014250243990631634
2018-10-23,0.0049886205670749565
2018-10-24,-0.02722929863026307
2018-10-25,0.016567517055224124
2018-10-26,-0.015197427630833947
2018-10-28,0.009127149665526163
2018-10-29,-0.009256921404278065
2018-10-30,0.013184548700121214
2018-10-31,0.018955204369732498
2018-11-01,0.013775466227542226
2018-11-02,-0.005987031309991562
2018-11-04,-0.000467102848550886
2018-11-05,-0.005057389820284187
2018-11-06,0.005296592324854982
2018-11-08,-0.001343599985883561
2018-11-09,-0.007118558519424575
2018-11-11,-0.00377750649628354
2018-11-12,-0.018050886185321576
2018-11-13,0.00406447691451607
2018-11-14,-3.103067029716732e-05
2018-11-15,0.01086615543682336
2018-11-16,-0.00636845572545928
2018-11-18,0.002261931918266435
2018-11-19,-0.023228684832381344
2018-11-20,-0.005785054337450139
2018-11-21,-0.0007967451491004966
2018-11-22,-0.002001388305431877
2018-11-23,-0.005717458131168247
2018-11-25,0.0020505760802124926
2018-11-26,0.018137031916436112
2018-11-27,0.00011910820950217479
2018-11-28,0.01721558647202718
2018-11-29,0.004841732388516252
2018-11-30,0.0037149523840931025
2018-12-03,0.006927135081541138
2018-12-04,-0.022666286338876938
2018-12-05,-0.008585994207415662
2018-12-06,0.007306946765796406
2018-12-07,-0.013138790495681032
2018-12-09,-0.011113770127460294
2018-12-10,0.013851579574677551
2018-12-11,0.013122874682515558
2018-12-12,0.00951678061179149
2018-12-13,0.0037334774007778044
2018-12-14,-0.010330999027200626
2018-12-16,0.004016100543601049
2018-12-17,-0.007500391126513235
2018-12-18,0.009479551640773335
2018-12-19,-0.012591826434801754
2018-12-20,-0.017350103989616037
2018-12-21,-0.01361260607462772
2018-12-23,-0.004822579603221267
2018-12-24,-0.013246112566707043
2018-12-25,0.0033257249851040946
2018-12-27,0.004376689965813486
2018-12-28,0.0027325470288775944
2018-12-30,0.0013047351445443986
2018-12-31,0.004789111938264423
2019-01-01,-0.005549963132990144
2019-01-02,-0.00406735801971738
2019-01-03,-0.015843414238502496
2019-01-04,0.02071710438613981
2019-01-06,0.0015054937447442007
2019-01-07,0.010061709166657393
2019-01-08,0.0059005049801964995
2019-01-09,0.004563612857259755
2019-01-10,0.0006327091386299869
2019-01-11,0.0004257544984663112
2019-01-13,-0.00354025127957518
2019-01-14,0.0012499039760329117
2019-01-15,0.012483715819776474
2019-01-16,-0.00035564713782051184
2019-01-17,0.0008703750787923593
2019-01-18,-0.0021023812335566002
2019-01-21,-0.0006056901863056188
2019-01-22,-0.013755110339739031
2019-01-23,-0.0018384772553492212
2019-01-24,-0.0013677191264233524
2019-01-25,0.007781821346889653
2019-01-27,-0.009916188348707248
2019-01-28,-0.008980212148971963
2019-01-29,-0.004040191843149052
2019-01-30,0.023515347414940897
2019-01-31,0.009069151556206249
2019-02-01,-0.0029919795025827064
2019-02-03,-0.0011121365237783886
2019-02-04,0.007726848188541541
2019-02-05,0.008520552078142844
2019-02-06,0.0007638710079094871
2019-02-07,-0.014409161575549374
2019-02-08,0.0008719238944493176
2019-02-10,-0.004600596599641993
2019-02-11,-0.003360980174207584
2019-02-12,0.0033189025301890054
2019-02-14,-0.004520530756362927
2019-02-15,0.00027304844895784173
2019-02-17,-0.004301582538072746
2019-02-18,0.0004374214380858632
2019-02-19,0.00767242455677507
2019-02-20,0.003688811369739293
2019-02-21,-0.0034810236736489515
2019-02-22,0.003761818934044205
2019-02-24,0.0043916590529038246
2019-02-25,0.00010068037252608041
2019-02-26,-0.0010165029158961075
2019-02-27,0.00204129642956243
2019-02-28,0.006001600873910281
2019-03-01,-0.00026437296745681504
2019-03-04,0.011731682359161168
2019-03-05,0.0039025346957740105
2019-03-06,-0.0020239151809787826
2019-03-07,-0.006674647208434676
2019-03-08,0.0009555532010504797
2019-03-10,0.008609086254915589
2019-03-12,0.0032259285314750782
2019-03-13,0.004353009984835065
2019-03-14,0.002945573116294459
2019-03-15,0.0041162037055300395
2019-03-17,0.0018771581859236745
2019-03-18,0.003419389090422472
2019-03-19,0.001860013135640826
2019-03-20,0.004795077749519945
2019-03-21,0.0034445051796844653
2019-03-22,-0.010393473822838803
2019-03-24,-0.00573029913162435
2019-03-25,0.007375581231298811
2019-03-26,0.0025890044475286667
2019-03-27,0.005221756507440471
2019-03-28,0.004969859142629947
2019-03-29,0.002631767704609122
2019-03-31,0.0006159865722636672
2019-04-01,0.006922813634402103
2019-04-02,-0.002308794769968105
2019-04-03,0.0010219871973698176
2019-04-05,0.002260513571726897
2019-04-07,-0.0037532400363883447
2019-04-08,0.0035868366480144784
2019-04-09,-0.0045487173991927195
2019-04-10,0.003416472237513796
2019-04-11,0.001745664963224617
2019-04-12,0.0005604837032785569
2019-04-14,0.0027674716631129375
2019-04-15,0.003701960775579918
2019-04-16,0.003405124572747995
2019-04-17,-0.0028106018892225817
2019-04-18,0.0011284064634407222
2019-04-21,-0.009802406757703358
2019-04-22,0.0006335476474967279
2019-04-23,0.01046102240244606
2019-04-24,-0.007272339790239763
2019-04-25,0.005246149976631938
2019-04-26,-0.002082885724428011
2019-04-29,-0.000547726064685934
2019-04-30,-0.0046032024572960455
2019-05-02,0.0009291765939297062
2019-05-03,0.00726125888611107
2019-05-05,-0.005995791583764668
2019-05-06,-0.009129547456353764
2019-05-07,-0.01528991306955836
2019-05-08,-0.0038983348503144164
2019-05-09,-0.0015867048250843593
2019-05-10,-0.0012317465987465247
2019-05-12,-0.009155135835191097
2019-05-13,-0.014045758883359658
2019-05-14,0.0007561418264690802
2019-05-15,0.009847105861587843
2019-05-16,0.009754149212469464
2019-05-17,-0.008274664141308273
2019-05-19,0.022980451636729328
2019-05-20,-0.01715295928734238
2019-05-21,0.005785369276736628
2019-05-22,-0.005714704649907105
2019-05-23,0.005739423588979857
2019-05-24,-0.002390201847710184
2019-05-27,0.0002028284099804631
2019-05-28,-0.004492949269143814
2019-05-29,-0.00035713504857316927
2019-05-30,0.0004788643520459939
2019-05-31,-0.008646393945961004
2019-06-02,0.006185052698274214
2019-06-03,-0.015554080005103844
2019-06-04,0.016579969305732217
2019-06-05,-0.008617237990326895
2019-06-06,0.007760312627517047
2019-06-07,0.007709339947626236
2019-06-09,0.0008469014204356565
2019-06-10,0.00961630888056852
2019-06-11,-0.0011643092596402241
2019-06-12,-0.005645165722179994
2019-06-13,-0.0021747612150586526
2019-06-14,-0.0035895024822244926
2019-06-16,-0.007276348846059014
2019-06-17,0.007275547862034516
2019-06-18,0.006017707383884343
2019-06-20,-0.0009903045452906631
2019-06-21,0.0005005643666207223
2019-06-23,-0.0007193604615136788
2019-06-24,0.005863933547855151
2019-06-25,-0.003643774028141698
2019-06-26,0.005714558297047896
2019-06-27,0.0014042321968873095
2019-06-28,0.0008682076783249689
2019-06-30,0.0033460417038468997
2019-07-01,0.008324806360579275
2019-07-02,0.0018056726928502244
2019-07-03,0.0037167044442957715
2019-07-04,-0.005352621586200861
2019-07-05,-0.001235406262664612
2019-07-07,-0.014067247228306906
2019-07-08,-0.00403509525740159
2019-07-09,-0.0006186831483447259
2019-07-10,0.009478675630387066
2019-07-11,0.0004445342412296763
2019-07-12,0.004378256881664703
2019-07-15,0.005774788800318301
2019-07-16,-0.0009744751517459603
2019-07-17,-0.0075174608021812625
2019-07-18,-0.013839932894350556
2019-07-19,-0.0031660397602053685
2019-07-21,-0.004433666020910828
2019-07-22,0.0022955337932532133
2019-07-23,-0.002280805360111313
2019-07-24,0.005640889916536223
2019-07-25,-0.004269797321157778
2019-07-26,0.006329780173393198
2019-07-28,-0.004265018630986807
2019-07-29,-0.00883551148880586
2019-07-30,0.0026937655621628765
2019-07-31,-0.013767680903861398
2019-08-01,-0.005532684481532311
2019-08-02,-0.006171060753600103
2019-08-04,-0.008047453948558535
2019-08-05,-0.009501489383978396
2019-08-06,0.00026982723082612963
2019-08-08,0.015034250687041372
2019-08-09,-0.004245402906697061
2019-08-12,-0.016534422919677133
2019-08-13,0.0161818319945288
2019-08-14,-0.016602125080025853
2019-08-15,0.0012414583769766766
2019-08-16,0.008818269170776443
2019-08-18,0.00016089316771512158
2019-08-19,0.005992718918089618
2019-08-20,-0.010300315752232059
2019-08-21,-0.007677893882248266
2019-08-22,0.0020786596763396497
2019-08-23,-0.016132642051507537
2019-08-25,0.013787182938912705
2019-08-26,0.011153477228201054
2019-08-27,-0.006787064718056889
2019-08-28,-0.0037650275929506614
2019-08-29,0.01379117411830876
2019-08-30,-0.00029092235741659035
2019-09-02,-0.011739008748901865
2019-09-04,0.006049477057192331
2019-09-05,0.016111084601417625
2019-09-06,-0.002585427759436139
2019-09-08,0.004283048160781644
2019-09-09,0.0016820122043570299
2019-09-10,0.0038147007004321466
2019-09-11,0.005097951000264516
2019-09-12,0.006131187082183251
2019-09-13,-0.0029210950059886456
2019-09-15,-0.002707528128661717
2019-09-16,-0.013912141095850322
2019-09-17,0.004314787006718739
2019-09-18,-0.008013554884835097
2019-09-19,0.03745493692217886
2019-09-20,-0.007332903502682866
2019-09-22,0.018759634923039996
2019-09-23,-0.003560651373725768
2019-09-24,-0.01971748854640622
2019-09-25,0.012977843452198415
2019-09-26,-0.002356890633186681
2019-09-29,-0.007501488685980791
2019-09-30,-0.003062787099005371
2019-10-01,-0.0014472999509535299
2019-10-02,-0.010001529766989415
2019-10-03,-0.0032012402356110647
2019-10-04,0.006461826853504387
2019-10-06,-0.0026501904793943994
2019-10-07,-0.0002715516697732473
2019-10-08,0.00454626782388935
2019-10-09,-0.0018691360102821818
2019-10-10,0.006057247468950511
2019-10-11,0.006687842395792538
2019-10-13,0.0023634613038555127
2019-10-14,0.006302531239430026
2019-10-15,0.009535732950635752
2019-10-16,0.007372606239383847
2019-10-17,0.008395398151485439
2019-10-18,-0.007864520172325465
2019-10-21,0.006306755273522233
2019-10-22,-0.005244386317048178
2019-10-24,0.011001192153341175
2019-10-25,0.009201797721336715
2019-10-26,0.002650357824683801
2019-10-28,0.012305770712277796
2019-10-29,-0.003886086173529481
2019-10-30,0.005633684594406444
2019-10-31,0.0030509995834402844
2019-11-01,0.00427243168420517
2019-11-03,0.0002523429028397318
2019-11-04,0.003853275002972009
2019-11-05,0.003547698701442107
2019-11-06,0.0018456127723562696
2019-11-07,-0.0004208832285661268
2019-11-08,0.0017580974883271247
2019-11-10,0.0027796296204007733
2019-11-11,0.0006262414259860907
2019-11-12,-0.0020486394689884294
2019-11-13,-0.0014792261066241476
2019-11-14,0.0031252924752247055
2019-11-15,0.003661510761434114
2019-11-18,0.004495904878041465
2019-11-19,0.0038710269750985285
2019-11-20,-0.004895234863415776
2019-11-21,-0.0008633302594346844
2019-11-22,-0.002392119591322763
2019-11-24,0.0069852252748503155
2019-11-25,0.005787550760258155
2019-11-26,0.0011616131514741769
2019-11-27,0.00794155642403479
2019-11-28,-0.002733335127440274
2019-11-29,-0.002503940107513112
2019-12-01,-0.0012996747229234483
2019-12-02,-0.009649292911784436
2019-12-03,7.796706021658512e-05
2019-12-04,-0.000686350815906511
2019-12-05,-0.005295034716141753
2019-12-06,0.006211692574091102
2019-12-08,-0.0003914605223699217
2019-12-09,-0.005904632770741599
2019-12-10,0.002699292225083116
2019-12-12,0.008598558122287693
2019-12-13,-0.0019237826942016876
2019-12-15,-0.0018941795556169808
2019-12-16,0.011890331607609295
2019-12-17,0.003439372417595835
2019-12-18,0.0047231840611131675
2019-12-19,0.006575945119914239
2019-12-20,0.0012937804866815716
2019-12-22,-0.0005510989731593735
2019-12-23,0.0010450061397088335
2019-12-24,0.00014309761205939494
2019-12-25,-0.002570985777604143
2019-12-26,0.01064330870109286
2019-12-27,-0.0013267883416875704
2019-12-29,0.00041315173087064363
2019-12-30,-0.008513590803998395
2019-12-31,0.0022670616228147662
2020-01-01,0.005405961270474363
2020-01-02,0.007410595687888077
2020-01-03,-0.00408192189505102
2020-01-06,0.009476508931541092
2020-01-07,0.00046854540633418495
2020-01-08,0.013837192478806016
2020-01-09,0.003629488758659804
2020-01-10,-0.0026212620670412337
2020-01-12,0.0031038852339494182
2020-01-13,0.011839098436805114
2020-01-14,-0.0008139171014816534
2020-01-15,-0.0005070870861213472
2020-01-16,0.003534048821065576
2020-01-17,0.0023693326525117955
2020-01-19,-0.005514054418445201
2020-01-20,-0.001923881896116746
2020-01-21,0.0004271211653020374
2020-01-22,0.006589079849798492
2020-01-23,0.009319745769376327
2020-01-24,-0.0023242072078237634
2020-01-26,-0.004479637665159626
2020-01-27,-0.014024189976453463
2020-01-28,0.012064688997918993
2020-01-30,0.001183432171010736
2020-01-31,-0.02147709262425154
2020-02-02,0.0036415187152079365
2020-02-03,0.024984442741576234
2020-02-04,0.020689633751109694
2020-02-05,-0.0009922922812605462
2020-02-06,0.006002966859056789
2020-02-07,-0.0008342789641716265
2020-02-09,-0.0029384337198146634
2020-02-10,0.009755001719284123
2020-02-11,0.0010660780442418765
2020-02-12,0.0030523243026514
2020-02-13,-0.0035102185193261427
2020-02-14,0.0019590446135011818
2020-02-16,-0.003909161018646451
2020-02-17,-0.002280150309608916
2020-02-18,0.011533204390577348
2020-02-19,0.00859956856584769
2020-02-20,-0.005973240514866259
2020-02-21,-0.010722705552056492
2020-02-24,-0.024918191068524245
2020-02-25,-0.01791062381244325
2020-02-26,0.0028219074138036123
2020-02-27,-0.04542422685206555
2020-02-28,0.004997987007512514
2020-03-01,-0.0032907165212504356
2020-03-02,0.03354936266393133
2020-03-03,-0.02274529376053659
2020-03-04,0.020302989063442793
2020-03-05,-0.03040084046604303
2020-03-06,-0.00923115016432332
2020-03-08,-0.023782465750996736
2020-03-09,-0.03610229418255826
2020-03-10,0.02708474333845127
2020-03-11,-0.0658632598102348
2020-03-12,-0.02974148372012719
2020-03-13,0.0429361289633142
2020-03-15,-0.035138550922888506
2020-03-16,-0.08139033706399017
2020-03-17,-0.0038555114567265757
2020-03-19,0.04725459125761031
2020-03-20,-0.011599481528350266
2020-03-22,-0.06969080904580767
2020-03-23,0.01271198242649691
2020-03-24,0.06830326029639068
2020-03-25,0.01932469400943694
2020-03-26,0.027395199344863983
2020-03-27,-0.0171878762717024
2020-03-29,-0.01759361965905268
2020-03-30,0.034313875943010774
2020-03-31,-0.015489078227761598
2020-04-01,-0.023447036908623656
2020-04-02,-0.005798947149152671
2020-04-03,-0.00590340033087036
2020-04-06,0.07560753785883197
2020-04-07,0.0039001821614460517
2020-04-08,0.029804338656639846
2020-04-09,0.00037885054172538007
2020-04-12,-0.0063383580984511575
2020-04-13,0.016713356728601973
2020-04-15,0.005073326742345854
2020-04-16,0.024931734528990043
2020-04-17,0.0004921065270800955
2020-04-19,-0.0008525156341724846
2020-04-20,-0.01868797490177598
2020-04-21,-0.014466482230890887
2020-04-22,0.02508357500961479
2020-04-23,-0.00964516859670709
2020-04-24,0.00841782196737368
2020-04-26,0.008578772215057344
2020-04-27,0.009054741657965954
2020-04-28,-0.006961868852195567
2020-04-29,0.03420966603588675
2020-04-30,0.007178953380057114
2020-05-01,-0.01969350537317579
2020-05-03,-0.025447462647799415
2020-05-04,0.006198565625998968
2020-05-05,0.009470206337455713
2020-05-06,0.001359633940636943
2020-05-07,0.006180861278293597
2020-05-10,-0.00019968475010512796
2020-05-11,0.003561936380946993
2020-05-12,0.00046139416008822215
2020-05-13,-0.012488171677892785
2020-05-14,0.0034198892067061
2020-05-15,0.006082764602568684
2020-05-17,-0.01993817504942761
2020-05-18,0.010106243487754685
2020-05-19,0.008602029304914318
2020-05-20,0.013708017900298753
2020-05-21,-0.01082674046757377
2020-05-22,0.001474253583447944
2020-05-25,0.0025839608019764143
2020-05-26,0.007252204242056823
2020-05-27,0.008931459968719774
2020-05-28,0.0017376123541698234
2020-05-29,0.00867620434511328
2020-05-31,0.012020941813425588
2020-06-01,0.014289252184581191
2020-06-02,0.006799922941245061
2020-06-04,0.002332443044679537
2020-06-05,0.010676120556982333
2020-06-07,0.0015446845320943715
2020-06-08,0.0006430330126399729
2020-06-09,0.013587214431644866
2020-06-10,0.002585658112965042
2020-06-11,-0.021081335498573227
2020-06-12,0.0013751788057692364
2020-06-14,-0.007765538908848932
2020-06-15,0.013102126373680514
2020-06-16,0.007968781811734936
2020-06-17,0.012443820891661033
2020-06-18,0.007972795568422645
2020-06-19,-0.001400176102961579
2020-06-21,0.006817977884749996
2020-06-22,0.019208075437030177
2020-06-23,-0.004456756405586023
2020-06-24,-0.010316325446563896
2020-06-25,0.0088379022588993
2020-06-26,-0.02022776967530108
2020-06-29,0.008006294608780497
2020-06-30,0.018728676556149817
2020-07-01,0.017193582075584003
2020-07-02,0.006142125671226937
2020-07-05,0.005695384351463401
2020-07-06,0.024174712487104566
2020-07-07,-0.00502966580419885
2020-07-08,0.012277604596789738
2020-07-09,0.003802369047195185
2020-07-10,0.011336081879214796
2020-07-12,-0.0008775687273774535
2020-07-13,-0.022308034768402873
2020-07-14,0.0025183263082955466
2020-07-15,0.001558528953102654
2020-07-16,0.0032337525169006585
2020-07-17,-0.005009412067122375
2020-07-19,0.004575901628379404
2020-07-20,0.024511411317772916
2020-07-21,-0.009840165277029448
2020-07-22,0.004886847488866832
2020-07-24,-0.0035958628935570057
2020-07-26,-0.006412485026046371
2020-07-27,0.01809368253020362
2020-07-28,-0.009615743373419609
2020-07-29,0.0029561641893239973
2020-07-30,0.004951275340086693
2020-07-31,0.012469738812120825
2020-08-02,-0.0047811013779777015
2020-08-03,0.014651216581602176
2020-08-04,0.003615750682430442
2020-08-05,0.00502975336895148
2020-08-06,0.012747890279772741
2020-08-07,-0.007632631471565728
2020-08-09,0.0045831036075817885
2020-08-10,-0.0038776833631242284
2020-08-11,-0.01300322045623517
2020-08-12,0.02148273878870391
2020-08-13,-0.0017478446942282477
2020-08-14,0.0003168550831646961
2020-08-16,0.0017114252925736842
2020-08-18,0.009929044510725054
2020-08-19,-0.004788334295831715
2020-08-20,0.014150605998702102
2020-08-21,0.004475201790531924
2020-08-23,0.003861622684068557
2020-08-24,0.004138485328978432
2020-08-25,0.007970341548367529
2020-08-26,0.024480553930111726
2020-08-27,0.0005040942212566227
2020-08-28,0.003231381105831989
2020-08-30,-0.015396701941718789
2020-08-31,0.01253780163175145
2020-09-01,0.015013559219076369
2020-09-02,0.006589206891637454
2020-09-03,-0.04178272943548249
2020-09-04,-0.006406297647387104
2020-09-06,-0.0015212086837583004
2020-09-07,-0.003726980256022874
2020-09-08,-0.034002079311794074
2020-09-09,0.023342008007600164
2020-09-11,-0.003411821622480797
2020-09-13,0.0012971061204809398
2020-09-14,0.013495120719304967
2020-09-15,0.014581179947728465
2020-09-16,-0.015201520749758696
2020-09-17,-0.011932826629522586
2020-09-18,-0.006806759763287885
2020-09-20,-0.013364749665201493
2020-09-21,-0.0007078210616388588
2020-09-22,0.010000548892873804
2020-09-23,-0.03464799424093388
2020-09-24,0.016549884187544852
2020-09-25,0.014248340542979587
2020-09-27,0.010945301010522959
2020-09-28,0.008544945426438444
2020-09-29,0.0014125479485369377
2020-09-30,0.011817107140602606
2020-10-01,0.01208866014947851
2020-10-02,-0.01957448567099896
2020-10-04,0.0015018120442517012
2020-10-06,-0.011709433408472884
2020-10-07,0.013985596164015785
2020-10-08,0.0053412982250571036
2020-10-09,0.008688754918666055
2020-10-11,-0.0015330195385157366
2020-10-12,0.016382664432702445
2020-10-13,0.0036753269308884974
2020-10-14,-0.014308641825005903
2020-10-15,0.0006102429514193264
2020-10-16,-0.005181338106147457
2020-10-18,0.005623849751045326
2020-10-19,-0.00861922390080016
2020-10-20,0.004428965706842344
2020-10-21,-0.003134983631500613
2020-10-22,0.0009334691062196357
2020-10-23,0.004196505636130606
2020-10-25,-0.0065935159390936
2020-10-26,-0.0018401930640323289
2020-10-27,0.0013893072368960301
2020-10-28,-0.02454729383889194
2020-10-30,-0.01895660941653824
2020-11-01,0.004733260765645728
2020-11-02,0.007580451895491673
2020-11-03,0.012959934685574845
2020-11-04,0.03416587026849837
2020-11-05,0.020576075464876786
2020-11-06,0.00010615462561019036
2020-11-08,0.006975614532324019
2020-11-09,-0.016611567240569926
2020-11-10,-0.008314805410474089
2020-11-11,0.01358758987234726
2020-11-12,-0.00042522941223222357
2020-11-13,0.0036168336168041406
2020-11-16,0.007592797306612547
2020-11-17,0.004915903621768184
2020-11-18,-0.005175303983278535
2020-11-19,0.00839764051603697
2020-11-20,-0.005042655222774365
2020-11-22,0.002655595132919246
2020-11-23,0.0036875427093637976
2020-11-25,0.008661476948401683
2020-11-26,0.003888493728365253
2020-11-27,0.00486408474024061
2020-11-30,0.003525919565386237
2020-12-01,0.012046653519594788
2020-12-02,0.0023373925088629446
2020-12-03,0.0013298057827921283
2020-12-04,0.0014328160499975976
2020-12-06,0.003789414813024074
2020-12-07,0.00897750905837442
2020-12-08,0.003250137480110613
2020-12-09,-0.016285129122036578
2020-12-10,0.0027150304990671394
2020-12-11,-0.0009619354625833019
2020-12-13,0.002000521007090538
2020-12-14,0.007045921296134341
2020-12-15,0.00725920176630359
2020-12-16,0.003916817333279103
2020-12-17,0.002821240648972911
2020-12-18,0.0017439215090692144
2020-12-21,0.0021955648688980665
2020-12-22,0.006660795699885975
2020-12-23,-0.00117492836079983
2020-12-24,0.0023704618190616834
2020-12-27,0.0049012413753205634
2020-12-28,0.011635148876816496
2020-12-29,0.0018350211963131288
2020-12-30,-0.0010928499487406118
2020-12-31,0.0055339176523394856
2021-01-03,0.004561635743481565
2021-01-04,-0.004291334106458114
2021-01-05,0.004345968575250335
2021-01-06,-0.010426996830487987
2021-01-07,0.02234352341355327
2021-01-08,0.0054789535712869855
2021-01-10,0.0009978944679810786
2021-01-11,-0.009463955709715657
2021-01-12,-0.002554583526217003
2021-01-13,0.006481962007231963
2021-01-14,-0.012747431745944436
2021-01-17,-0.007204099133072842
2021-01-18,0.008460490470512241
2021-01-19,0.013700880817605206
2021-01-20,0.023422213677304248
2021-01-21,-0.000605346467549624
2021-01-22,-0.000881368439498021
2021-01-24,-0.003032411399434515
2021-01-25,0.003920946880895262
2021-01-26,-0.005222995799225717
2021-01-27,-0.020355196988448027
2021-01-28,-0.0028639608205021845
2021-01-29,-0.01072098205600038
2021-01-31,0.02000350508960117
2021-02-01,0.027553415182907416
2021-02-02,0.013277098328552126
2021-02-03,0.0061380771991288545
2021-02-04,0.002973567714721471
2021-02-05,0.0011063488225393364
2021-02-07,0.005420096873919075
2021-02-08,0.0028358967084207544
2021-02-10,0.0011558905469264064
2021-02-11,0.0024868789440916934
2021-02-12,0.0009950421453485325
2021-02-14,0.00684236521934592
2021-02-15,0.0005424601905451342
2021-02-16,-8.812001182916738e-05
2021-02-17,-0.002655613926843917
2021-02-18,-0.009038523001313038
2021-02-19,-0.005227681070112626
2021-02-21,-0.0071937070505810104
2021-02-22,-0.012522743760292299
2021-02-23,0.008204242561401981
2021-02-24,0.009120884626529652
2021-02-25,-0.034791646953569906
2021-02-26,0.004652042827073208
2021-02-28,0.006274945406172779
2021-03-01,0.022166441161427804
2021-03-02,-0.0011253159618349836
2021-03-03,-0.019719615514993887
2021-03-04,-0.014687969037438195
2021-03-07,0.0003765983177616635
2021-03-08,-0.02202465847845864
2021-03-09,0.030227339481235554
2021-03-10,-0.002999520418502011
2021-03-11,0.013106470987914441
2021-03-12,-0.0063551597199586266
2021-03-14,-0.002968698853627338
2021-03-15,0.007397228026630464
2021-03-16,-0.004018596478789598
2021-03-17,-0.001344158129440554
2021-03-18,-0.014818222473492048
2021-03-19,0.007079235399774787
2021-03-21,0.0007831222495804077
2021-03-22,0.01360893891280322
2021-03-23,-0.008636191363503761
2021-03-24,-0.019170566399610487
2021-03-25,0.00150245784940506
2021-03-26,0.005402649834343269
2021-03-29,0.00894763832295388
2021-03-30,-0.005372732483861318
2021-04-01,0.012444735566728735
2021-04-04,-0.007450195744423847
2021-04-05,0.016379017289419814
2021-04-06,0.003628376656236739
2021-04-07,0.00657494447855463
2021-04-08,0.004733831777504894
2021-04-09,0.004171471082584108
2021-04-11,-0.020996569320178984
2021-04-12,0.009583001005542565
2021-04-13,0.007659447651099296
2021-04-14,-0.008293049828735728
2021-04-15,0.012724392905210151
2021-04-16,-0.0008881707715265013
2021-04-18,-0.008729362926563978
2021-04-19,-0.005152601113715316
2021-04-20,-0.003617939281690176
2021-04-21,0.001544787401441631
2021-04-22,-0.00833768834692311
2021-04-23,0.008180504889165321
2021-04-25,0.004167750898519941
2021-04-27,0.002516241208076481
2021-04-28,0.00011548257305655526
2021-04-29,0.000544951099633862
2021-04-30,-0.0029043156457039757
2021-05-02,0.0006221411807789054
2021-05-03,-0.008041437202159342
2021-05-04,-0.005188617677174538
2021-05-05,0.0001733961438605755
2021-05-06,0.006067794097451394
2021-05-07,0.003528810885499252
2021-05-09,0.003929895566978064
2021-05-10,-0.018920474169032944
2021-05-11,-0.002281897292551138
2021-05-12,-0.01563381698505457
2021-05-13,-0.0008346314503954172
2021-05-14,0.013725902569562189
2021-05-16,0.009045859327471144
2021-05-17,0.0045133574804795806
2021-05-18,-0.006268152546296662
2021-05-19,-0.00038655056497747316
2021-05-21,-0.003403309582345308
2021-05-23,0.002752758857399286
2021-05-24,0.011194461039722398
2021-05-25,0.001635166885069714
2021-05-26,0.004469856306161705
2021-05-27,0.0003197407886171838
2021-05-28,0.0010023802137200631
2021-05-30,0.0035288324195334197
2021-05-31,-0.0007826642177700722
2021-06-01,0.00315019549787248
2021-06-02,0.005225108696252353
2021-06-03,-0.007158999814569264
2021-06-04,0.01067305077525005
2021-06-06,0.002537985516617772
2021-06-07,0.0014493741289673388
2021-06-08,-0.003299084835802278
2021-06-09,0.004030171644533185
2021-06-10,0.005808739981665192
2021-06-11,0.0018457934462746191
2021-06-13,-0.001302508247189362
2021-06-15,-0.008514679695584134
2021-06-16,-0.005015479647857586
2021-06-17,0.007375808317299852
2021-06-18,-0.0034886414100682643
2021-06-20,0.003310724329050989
2021-06-21,0.0023947002217573677
2021-06-22,0.004990909413940285
2021-06-23,0.0035910143948651198
2021-06-24,0.006570857815792482
2021-06-25,-0.0025247580152807005
2021-06-27,0.0008207158863007859
2021-06-28,0.00857769525855488
2021-06-29,-0.0001880790503466158
2021-06-30,-0.0022159774919582515
2021-07-01,0.0027033530700822073
2021-07-02,0.00673414189868574
2021-07-04,0.0032322185640832352
2021-07-05,0.0007282796452150038
2021-07-06,0.008146251284024315
2021-07-07,-0.004000690060648801
2021-07-09,0.004259076503760904
2021-07-11,0.0009625262089216502
2021-07-12,0.006501615169650387
2021-07-13,-0.0003142022107156036
2021-07-14,0.0025571163090347816
2021-07-15,-0.00570708677395745
2021-07-16,-0.007956785274807457
2021-07-18,-0.004614169127605592
2021-07-19,-0.008549575721691254
2021-07-20,0.005101109164602098
2021-07-21,0.008288419587086777
2021-07-22,0.004922209737250984
2021-07-23,0.00877219986586085
2021-07-25,-0.00034290127281870676
2021-07-26,2.362863936705239e-05
2021-07-27,-0.007711843602450987
2021-07-28,0.00550754811770457
2021-07-29,0.0006881547477682295
2021-07-30,-0.006461843329577572
2021-08-01,0.004214823673221929
2021-08-03,0.0026949887467178496
2021-08-04,0.0022247566399601344
2021-08-05,0.004533594460774155
2021-08-06,-0.0035257544759960597
2021-08-08,-0.0008121386980549455
2021-08-09,-0.0012580286004220042
2021-08-10,-0.004134592060676364
2021-08-11,0.0005209803746440172
2021-08-12,0.005696258742521447
2021-08-13,0.002251891382278298
2021-08-15,-0.00020480414710618696
2021-08-16,0.0013872092865406629
2021-08-17,-0.007574556427762215
2021-08-18,-0.004495137619244077
2021-08-19,-0.0006022135087518503
2021-08-20,0.0076517982385588485
2021-08-22,-0.0010416984757818325
2021-08-23,0.015444733602432632
2021-08-24,0.001925806912914385
2021-08-25,0.001342752933306957
2021-08-27,0.008253899962605261
2021-08-29,0.007568521702938668
2021-08-30,0.012460525399961331
2021-08-31,0.0018177457207275412
2021-09-01,0.006546233415346565
2021-09-02,0.00010803477492073212
2021-09-03,0.0028871850760566367
2021-09-05,0.0002531897746414946
2021-09-06,-0.0011438323324463897
2021-09-07,0.0072611548099065296
2021-09-08,-0.0014185594782121706
2021-09-09,-0.0033929341940270702
2021-09-10,-0.00355348117042846
2021-09-12,0.00036299729872432137
2021-09-13,0.0017468822980418828
2021-09-14,0.0022871589481848103
2021-09-15,0.00881820484767535
2021-09-16,-0.002774224787649987
2021-09-17,-0.006023431445244389
2021-09-19,-0.007716138598529146
2021-09-21,0.00290572429015842
2021-09-22,0.013273749970692724
2021-09-23,0.002700376151857656
2021-09-24,0.0021895816945495597
2021-09-26,0.00045584033302569713
2021-09-27,-0.005587762418985969
2021-09-28,-0.01630540230727902
2021-09-29,-0.00024292796010923087
2021-09-30,-0.001316276309085848
2021-10-01,0.004947547191020433
2021-10-03,0.005686678585611328
2021-10-04,-0.011916469382899069
2021-10-05,0.008202402195997192
2021-10-06,0.009905635928909425
2021-10-07,0.003965276805103592
2021-10-08,-0.0010116289396725515
2021-10-10,0.0028229510195656093
2021-10-11,-0.0007809745574677812
2021-10-12,0.0015345564293974873
2021-10-13,0.008078932776504682
2021-10-15,0.004133422412455001
2021-10-17,0.0033182817127822553
2021-10-18,0.003044751943280923
2021-10-19,-0.0029219662715979002
2021-10-20,-0.004091069541678529
2021-10-21,0.005220123909448575
2021-10-22,-0.006012183977300488
2021-10-24,-0.0012876399442353287
2021-10-25,0.012256754898309713
2021-10-26,0.003922990123251996
2021-10-27,-0.006012760889924463
2021-10-28,0.006730808869083859
2021-10-29,0.00558716616087597
2021-10-31,0.0068665571790907385
2021-11-01,0.0007373017703459453
2021-11-02,0.0009387191268194282
2021-11-03,0.009705960451730314
2021-11-04,0.00862083763515919
2021-11-05,0.0005474170275922059
2021-11-07,0.003798392278046759
2021-11-09,-0.004409054000025421
2021-11-10,-0.01285081998515258
2021-11-11,0.007136130693070753
2021-11-12,0.009788316660463058
2021-11-14,0.0006923564784839218
2021-11-15,-0.0018989307247348145
2021-11-16,0.0008977242939231311
2021-11-17,-0.0030915625558401633
2021-11-18,0.009560972388706276
2021-11-19,0.00426094841306355
2021-11-21,-0.009672705036629321
2021-11-22,-0.004592083585411767
2021-11-23,-0.004681570914226403
2021-11-24,0.006012926536737128
2021-11-25,-0.013507110014941289
2021-11-26,-0.012237924283653726
2021-11-28,-0.0026943183233435306
2021-11-29,0.012514061821098418
2021-11-30,-0.004698049702696979
2021-12-01,-0.006772877774948875
2021-12-03,-0.009117172144556353
2021-12-05,-0.0076319091690146956
2021-12-06,0.014056551495993492
2021-12-07,0.025253001607254077
2021-12-08,0.003934669918187989
2021-12-09,-0.0063338090019527124
2021-12-10,0.008557627713149605
2021-12-12,-0.0024137089431468953
2021-12-13,-0.009533065795901444
2021-12-14,-0.008209496837531503
2021-12-15,0.012744070921499831
2021-12-16,-0.02668826188516774
2021-12-17,-0.001382225687390547
2021-12-19,-0.014081047163628315
2021-12-20,0.0024577657164664636
2021-12-21,0.0180505788526462
2021-12-22,0.011987914528518731
2021-12-23,0.0007918033914599361
2021-12-26,0.002003269001284424
2021-12-27,0.012538418946830216
2021-12-29,-0.0026986518236641137
2021-12-30,0.0032816979340418145
2021-12-31,-0.005201371296322214
2022-01-02,0.006794921068390586
2022-01-03,0.010523913635438297
2022-01-04,-0.002329120146486205
2022-01-05,-0.02222308990280124
2022-01-06,-0.00019284232327609733
2022-01-07,-0.006457871101727922
2022-01-09,0.004336226951603423
2022-01-10,0.0018404087858999167
2022-01-11,0.00967594518434899
2022-01-12,0.003830941585470734
2022-01-13,-0.017351922099829057
2022-01-14,0.005185607938813866
2022-01-16,0.0007121899816286719
2022-01-17,-0.0062754218371588325
2022-01-18,-0.01604571610727346
2022-01-19,-0.007742864252030087
2022-01-20,-0.015546657866521972
2022-01-23,-0.015051577456374825
2022-01-24,0.00634748376757516
2022-01-25,-0.014395561965468071
2022-01-26,0.00044337857475296096
2022-01-27,0.0005074445538691926
2022-01-28,0.015646918399082242
2022-01-30,0.006056176418787551
2022-01-31,0.03071348917225028
2022-02-01,0.01388022261155351
2022-02-02,0.0006212787034887517
2022-02-03,-0.03644824354383057
2022-02-04,0.012641180267900244
2022-02-06,-0.006339570806758195
2022-02-07,-0.008707222479998913
2022-02-08,0.010707057064102255
2022-02-09,0.014574017583569769
2022-02-10,-0.019354843120332206
2022-02-11,-0.018096265904918894
2022-02-13,-0.01746188838163639
2022-02-14,0.017556382444735525
2022-02-16,-0.003177620777620846
2022-02-17,-0.020609858683994564
2022-02-18,-0.005035128373487094
2022-02-20,-0.0036357254547084395
2022-02-21,-0.0031861727633454586
2022-02-22,-0.005735899042624923
2022-02-23,-0.041326830738728004
2022-02-24,0.03883660183186561
2022-02-25,0.006199909757760836
2022-02-27,0.003182196074565237
2022-02-28,0.0042213625419477395
2022-03-01,-0.013491073366972521
2022-03-02,0.004465830330962745
2022-03-03,-0.01876412258688677
2022-03-04,-0.0057009440331729335
2022-03-06,-0.013966630673521642
2022-03-07,-0.01684606111908991
2022-03-08,0.00875707965369911
2022-03-09,0.029820524664101577
2022-03-10,-0.0015020887496331287
2022-03-13,0.0037895771578359814
2022-03-14,-0.016729692055900917
2022-03-15,0.030131632688102046
2022-03-16,0.02770925762566924
2022-03-17,0.0072233180850609984
2022-03-18,0.014049197110382251
2022-03-20,-0.004495278756582754
2022-03-21,0.001623529239872481
2022-03-22,0.011905309140213148
2022-03-23,-0.007371801018104098
2022-03-24,0.01260560819018485
2022-03-25,0.00037710214356865635
2022-03-27,0.0006922812856034257
2022-03-28,0.01091309800867048
2022-03-29,0.012645105751952823
2022-03-30,-0.006266792936610828
2022-03-31,-0.0012725941936793754
2022-04-01,0.0004901406940142243
2022-04-03,0.010734073798813276
2022-04-04,0.01537135499743876
2022-04-06,-0.01974544543152037
2022-04-07,0.0037752486037948034
2022-04-08,-0.010212834981097072
2022-04-10,0.0008867388446844312
2022-04-11,-0.019878102403418946
2022-04-12,-0.0028571143147683477
2022-04-13,0.010309784822795539
2022-04-14,-0.014918861934061512
2022-04-17,-0.005893121845384164
2022-04-18,-0.002886918471875597
2022-04-19,0.014718708056936472
2022-04-20,-0.023078963504126946
2022-04-21,-0.018666022310213696
2022-04-22,-0.012100853757401912
2022-04-24,-0.00639999271603732
2022-04-25,0.01281796612636711
2022-04-26,-0.030048496949806613
2022-04-27,0.00011914580024848275
2022-04-28,0.023182193356472234
2022-04-29,-0.026149298222785118
2022-05-02,0.014691131181269605
2022-05-03,-0.010407530045954252
2022-05-04,0.018463439218942196
2022-05-05,-0.03952293314751457
2022-05-06,-0.005381480511492299
2022-05-08,-0.0065621936777006
2022-05-09,-0.028086848547240226
2022-05-10,0.009039321296744602
2022-05-11,-0.03318555238235874
2022-05-12,-0.0015151718137366712
2022-05-13,0.02265736530823661
2022-05-15,0.005541161330314512
2022-05-16,0.00576251884973738
2022-05-17,0.014652906539429631
2022-05-18,-0.04269507467920219
2022-05-19,0.007817701551967272
2022-05-20,-0.0032896467524707205
2022-05-22,-0.0020845228410589114
2022-05-23,0.0043135626866060844
2022-05-24,-0.023285139908780467
2022-05-26,0.02189865812949113
2022-05-27,0.0203038239331354
2022-05-29,0.00920572697448211
2022-05-30,-0.0016927440227445007
2022-05-31,0.0009163681891113226
2022-06-01,-0.0015581750960250837
2022-06-02,0.011088544010402634
2022-06-03,-0.01729827490795
2022-06-05,-0.0005236259838565278
2022-06-06,-0.0005895494882135802
2022-06-07,0.002376475419794489
2022-06-08,0.001731680092410576
2022-06-09,-0.022194955126438848
2022-06-10,-0.021176638845708473
2022-06-12,-0.013260655979754407
2022-06-13,-0.027528250376555184
2022-06-14,0.0019629428020958963
2022-06-15,0.007722726789199746
2022-06-16,-0.026180337884708
2022-06-17,0.006731577198069384
2022-06-20,0.01221441356439979
2022-06-21,0.0037016506060163863
2022-06-22,0.005271627107574912
2022-06-23,0.012981212440300812
2022-06-24,0.020950376081091626
2022-06-26,0.003921341396523664
2022-06-27,-0.005176210762219209
2022-06-28,-0.022313300672800074
2022-06-29,-0.0007396827101527345
2022-06-30,-0.006978828298154469
2022-07-01,0.0024174723442266844
2022-07-03,0.004232028546763865
2022-07-04,-0.0008327893534510782
2022-07-05,0.020828635472464708
2022-07-06,0.009743777009256367
2022-07-07,0.01584079993083098
2022-07-08,5.534885189996907e-05
2022-07-10,0.004296546428180495
2022-07-11,-0.020005947201141686
2022-07-12,-0.007627188944497693
2022-07-14,0.002747595561895127
2022-07-15,0.012341211807428113
2022-07-17,0.007587361375368215
2022-07-18,0.0010619150754777493
2022-07-19,0.021583149132332245
2022-07-20,0.016849146774173034
2022-07-21,0.011492587227568789
2022-07-22,-0.013149960637826148
2022-07-24,-0.0010006081129772092
2022-07-25,-0.009363960884768732
2022-07-26,-0.008052253411346062
2022-07-27,0.03539649025951333
2022-07-28,0.008377029260215173
2022-07-29,0.012473855069777318
2022-07-31,0.006588407691557489
2022-08-01,0.0007639752717126209
2022-08-02,-0.0038909318877418954
2022-08-03,0.01646135617344011
2022-08-04,0.004880081461220267
2022-08-05,-0.006089371467368607
2022-08-08,-0.001909558921789653
2022-08-09,-0.005964204544973264
2022-08-10,0.023562746225378087
2022-08-11,-0.0024430432932253526
2022-08-12,0.01233190946493098
2022-08-15,0.008275218715348193
2022-08-16,0.001143556131150537
2022-08-17,-0.005066544709392855
2022-08-18,-0.0027452799077697003
2022-08-19,-0.011569548101936923
2022-08-21,-0.008985154393856774
2022-08-22,-0.012482831434721729
2022-08-23,0.0026842763431216953
2022-08-24,0.000999266327884382
2022-08-25,0.012912194046598695
2022-08-26,-0.02349531555302188
2022-08-28,-0.005794018993442276
2022-08-29,0.007206511388563514
2022-08-30,-0.006508884351026806
2022-08-31,-0.0042906333255922835
2022-09-02,-0.006284108019531476
2022-09-04,0.0024221521533842054
2022-09-05,0.0011221695521750428
2022-09-06,-0.004568428860437922
2022-09-07,0.014783614343131005
2022-09-08,0.0026502497171037327
2022-09-09,0.012709437713944517
2022-09-11,0.004051921632250351
2022-09-12,0.009826142113766163
2022-09-13,-0.030373422171630873
2022-09-14,0.004668610802187156
2022-09-15,-0.01678960706521567
2022-09-16,-0.0013034386330144298
2022-09-18,0.0015538031371730941
2022-09-19,0.01107887030223685
2022-09-20,-0.008828365585404407
2022-09-21,-0.010561335322239065
2022-09-22,-0.014298424473100708
2022-09-23,-0.01037833493828064
2022-09-25,-0.01269290915336388
2022-09-27,-0.003803519330039136
2022-09-28,0.011769055777422198
2022-09-29,-0.00746254046919259
2022-09-30,-0.007937501746286879
2022-10-02,-0.008209616218326062
2022-10-03,0.022205684166910062
2022-10-04,0.015340398057344792
2022-10-05,0.0019152359466535858
2022-10-06,-0.003011383023597498
2022-10-07,-0.022708296429990702
2022-10-09,-0.0031517569924044073
2022-10-10,-0.013218976638641553
2022-10-11,-0.006023445780642604
2022-10-12,-0.0033163832292243682
2022-10-13,0.015342623623374801
2022-10-14,-0.016368948100838755
2022-10-16,0.003966693055798725
2022-10-17,0.02731491674847949
2022-10-18,0.002196247081667578
2022-10-19,0.005550741858598636
2022-10-21,0.013912390629561892
2022-10-23,0.003905027122366574
2022-10-24,0.0024352343040487143
2022-10-25,0.012152243194661379
2022-10-26,-0.012709938687566244
2022-10-27,-0.020466643093471112
2022-10-28,0.012176917500555662
2022-10-30,0.005893916011823307
2022-10-31,-0.004990091474157147
2022-11-01,-0.009079499437065543
2022-11-02,-0.017886776673388814
2022-11-03,-0.010928308517286236
2022-11-04,0.008486968475054582
2022-11-06,0.0035580109772910917
2022-11-07,0.005733137556320414
2022-11-08,0.0005179558757353566
2022-11-09,-0.016519728441642706
2022-11-10,0.048824186582782265
2022-11-11,0.012927971302271093
2022-11-13,0.00045410411290821515
2022-11-15,0.007062591175486617
2022-11-16,-0.00999052285111263
2022-11-17,-0.005905593856923907
2022-11-18,-0.002555796517843562
2022-11-20,-0.0022658067867682157
2022-11-21,-0.005118211235946046
2022-11-22,0.009113551921030359
2022-11-23,0.011891031425666306
2022-11-24,0.0015733243712580042
2022-11-25,-0.004529381324418357
2022-11-27,0.0017480944276538988
2022-11-28,-0.006633920575624392
2022-11-29,0.0010313730594212094
2022-11-30,0.03169868702811915
2022-12-01,0.002397467723389126
2022-12-02,-0.0011702263054115811
2022-12-04,0.0007845419457118702
2022-12-05,-0.011346873195185589
2022-12-06,-0.013537193536681539
2022-12-07,-0.0005953333080754788
2022-12-09,0.0020725343459524325
2022-12-11,0.0007298146393560639
2022-12-12,0.004819093663288311
2022-12-13,0.009873484361863812
2022-12-14,-0.00908843662061619
2022-12-15,-0.023577306305737414
2022-12-16,-0.0042812412067023175
2022-12-18,0.0039409252197364015
2022-12-19,-0.008893591595923336
2022-12-20,-0.010341110550244031
2022-12-21,0.0051470245086836855
2022-12-22,-0.028686144389190205
2022-12-23,0.0006742884288173456
2022-12-25,0.011632583479185587
2022-12-26,0.004418211633237685
2022-12-27,-0.012079470354045895
2022-12-28,-0.0036901045263682884
2022-12-29,0.01533861000631008
2022-12-30,0.0007825073092243198
2023-01-01,0.002766950713959212
2023-01-03,-0.011549139643553571
2023-01-04,0.0036945383331918125
2023-01-05,-0.012210900117859538
2023-01-06,0.013367275468957765
2023-01-08,0.0055980092253288816
2023-01-09,0.00018306783358741418
2023-01-10,0.004980224444491269
2023-01-11,0.009057916366212468
2023-01-12,0.005864743755562675
2023-01-13,0.0034368084179581004
2023-01-15,-0.0015490683261495742
2023-01-16,0.0015054938284769228
2023-01-17,0.004740226262294909
2023-01-18,-0.006065963864302326
2023-01-19,-0.005468273328855017
2023-01-20,0.017909971119642175
2023-01-22,0.00266843242616206
2023-01-23,0.011905899469494377
2023-01-24,-0.010722578588627601
2023-01-25,-0.0014437451293452335
2023-01-27,0.008625699579101571
2023-01-29,-0.0012981943724154506
2023-01-30,-0.00789221441662705
2023-01-31,0.00308697639545913
2023-02-01,0.01214745501473934
2023-02-02,0.03105606879101764
2023-02-03,-0.007588357352962094
2023-02-05,0.0008623216775561665
2023-02-06,-0.0026494882358835104
2023-02-07,0.015239937240951906
2023-02-08,-0.008939862153760138
2023-02-09,-0.005398858245129435
2023-02-10,-0.007362081185633995
2023-02-12,-0.005545666378781512
2023-02-13,0.009932187760450522
2023-02-14,0.007781190423138067
2023-02-15,0.005003422553242557
2023-02-16,-0.015229568653217222
2023-02-17,-0.003079034233798627
2023-02-19,-0.002559408564473817
2023-02-21,-0.019863509349331135
2023-02-22,-0.0010434556020094544
2023-02-23,0.0038891108628400064
2023-02-24,-0.008091618559296656
2023-02-26,-0.001514461406217002
2023-02-27,0.005615257608741087
2023-02-28,0.007700210172379059
2023-03-01,-0.007963079514884884
2023-03-02,0.00913186368435199
2023-03-03,0.01429925857863011
2023-03-05,0.0035615967078237096
2023-03-06,0.00016335391342115713
2023-03-07,-0.003019486434160996
2023-03-08,-0.001956833552543662
2023-03-09,-0.015110591141668742
2023-03-10,-0.006115706206225886
2023-03-12,-0.009694968532064602
2023-03-13,0.0011345164978015976
2023-03-14,0.011994260059793883
2023-03-15,0.005660153625108962
2023-03-17,-0.0032588315036022313
2023-03-19,-0.004161604300038187
2023-03-20,0.0058468089707954815
2023-03-21,0.010693254174668994
2023-03-22,-0.009283341752637569
2023-03-23,0.005038949526626924
2023-03-24,0.0010611117947783692
2023-03-26,-0.0008666124879990637
2023-03-27,-0.00661942718438291
2023-03-28,0.0019226488156764666
2023-03-29,0.007848704471470513
2023-03-30,0.01270192335145709
2023-03-31,0.009383976742696764
2023-04-02,0.0019342489789780505
2023-04-03,-0.0012249784168936505
2023-04-04,0.0017169172151201048
2023-04-05,-0.004781210535884514
2023-04-06,0.004517606260223327
2023-04-09,0.0004459969005633425
2023-04-10,0.0018119876940944151
2023-04-12,-0.0029003582870084834
2023-04-13,0.012154244075227402
2023-04-14,-0.0010787168626167833
2023-04-16,0.0005280568603215329
2023-04-17,0.0005500988676917856
2023-04-18,-0.001999661236807613
2023-04-19,-0.0002935756528036855
2023-04-20,-0.006681303903676392
2023-04-21,0.00158712020992859
2023-04-23,0.0037306745464259694
2023-04-24,-0.00031125826049624856
2023-04-25,-0.007559839917175962
2023-04-26,0.006791833487617767
2023-04-27,0.02190554843280151
2023-04-28,0.0022167284666828363
2023-05-01,0.003007059825227525
2023-05-02,-0.005860659506968263
2023-05-03,0.0031895013998226598
2023-05-04,-0.007152054016824447
2023-05-05,0.010743562697337426
2023-05-08,0.002511607573480223
2023-05-09,-0.0012510176961460424
2023-05-10,0.00873007318644467
2023-05-11,0.005527891751551442
2023-05-12,-0.0026335263892640877
2023-05-14,0.00321916032027881
2023-05-15,0.00047235937145213814
2023-05-16,0.0006288639416082738
2023-05-17,0.005497169048245374
2023-05-18,0.014185433102382258
2023-05-19,-0.0009899077978628773
2023-05-21,0.0028161699581889087
2023-05-22,0.0039300543877300595
2023-05-23,-0.005829114403837294
2023-05-24,0.001454927537516023
2023-05-25,0.021150030539169067
2023-05-26,0.0182157763387819
2023-05-28,0.0030331021002299612
2023-05-29,0.0010727162670557207
2023-05-30,0.003090560513120209
2023-06-01,0.008031991475275238
2023-06-02,0.003986838851432299
2023-06-04,0.0014215424198936754
2023-06-05,0.00153761674490959
2023-06-06,0.003455639410061262
2023-06-07,-0.011027028214026836
2023-06-08,0.005998296713335606
2023-06-09,0.0030636856151030176
2023-06-11,0.0015703112408811174
2023-06-12,0.014564526752082103
2023-06-13,0.00453165502976746
2023-06-14,0.0032241226816570553
2023-06-15,0.009627419385441116
2023-06-16,-0.004370850453294008
2023-06-18,-0.0016929338277944712
2023-06-19,0.0020853697990512524
2023-06-20,0.004375306816723905
2023-06-21,-0.011938654103633362
2023-06-22,0.0013180862962931406
2023-06-23,-0.004087684456575439
2023-06-26,-0.006057881076982191
2023-06-27,0.011989966662184397
2023-06-28,0.002780342368250207
2023-06-29,0.00420415884585367
2023-06-30,0.007662355967523599
2023-07-02,0.0032152292130564405
2023-07-03,0.002503563246130758
2023-07-04,0.001708106953902818
2023-07-05,0.004964717843853793
2023-07-06,-0.00848476998199683
2023-07-07,-0.0011928632841359662
2023-07-09,-0.0013074649261046363
2023-07-10,0.0006669694001055363
2023-07-11,0.0019679271984882176
2023-07-12,0.005096407671532568
2023-07-13,0.012852318074601818
2023-07-14,-0.0003449356987251614
2023-07-16,0.003890811262766037
2023-07-17,0.004166968008749904
2023-07-18,0.00784236652895276
2023-07-20,-0.01889253273841726
2023-07-21,-0.0032104716431139786
2023-07-23,-0.0012527845761435752
2023-07-24,0.0034394183769653934
2023-07-25,0.005885014659269226
2023-07-26,-0.0021333233079996973
2023-07-27,-9.695666761797883e-05
2023-07-28,0.010524248312870299
2023-07-30,0.0031025774514531245
2023-07-31,0.0004718349710483842
2023-08-01,-0.007668977259042552
2023-08-02,-0.0142336738066137
2023-08-03,0.00454228723182437
2023-08-04,-0.0002938336571848664
2023-08-06,0.0014322008923503948
2023-08-07,0.005047928338040411
2023-08-08,-0.00258287352319833
2023-08-09,-0.011988204468856645
2023-08-10,-0.00264395605581661
2023-08-11,-0.004250524348017155
2023-08-14,0.0072839942353223235
2023-08-15,-0.00534899974137969
2023-08-16,-0.006620436884652565
2023-08-17,-0.006865304421201182
2023-08-18,-0.0020232746484318276
2023-08-20,0.003446603576403376
2023-08-21,0.014257081704037276
2023-08-22,0.0022433628692868544
2023-08-23,0.009755675774628745
2023-08-24,-0.01482502332205165
2023-08-25,0.002970563087398534
2023-08-27,0.0026192484348707325
2023-08-28,0.004816756545313674
2023-08-29,0.013263451846438741
2023-08-30,-6.067013235037618e-05
2023-08-31,0.008492337629837502
2023-09-01,-0.004450281051677946
2023-09-03,0.0038267110878488077
2023-09-04,0.001992098875246589
2023-09-05,0.004379805838077772
2023-09-07,0.0009238846760594879
2023-09-08,0.0005747632334070437
2023-09-10,0.005716243221072868
2023-09-11,-3.656143457389497e-06
2023-09-12,-0.004500438767292073
2023-09-13,0.0047588849980740545
2023-09-14,0.005229005959157891
2023-09-15,-0.007771005609553383
2023-09-17,-0.0018825437256236267
2023-09-18,-0.0001907171281912144
2023-09-19,-0.005459346446639304
2023-09-20,-0.015240528780710715
2023-09-21,-0.009129816273509013
2023-09-22,0.00011036219527543257
2023-09-24,0.0010804570842072772
2023-09-25,0.003039770021914288
2023-09-26,-0.006451125023945075
2023-09-27,-0.0063618118953118275
2023-09-28,0.008965706042374903
2023-09-29,0.0008080061634500185
2023-10-03,-0.014415611177483127
2023-10-04,0.009119036053523023
2023-10-05,0.0029038539675482382
2023-10-06,0.008592014402538461
2023-10-08,-0.006268393134150725
2023-10-09,0.009292797021433642
2023-10-10,0.0028918288965221854
2023-10-11,0.005211978017716223
2023-10-12,-0.0013832875364193364
2023-10-13,-0.007877537641558
2023-10-15,0.00035525620278285363
2023-10-16,0.008113047714809843
2023-10-17,-0.008990565527676344
2023-10-18,-0.008628348091740694
2023-10-19,-0.002172605058830876
2023-10-20,-0.006975488254433902
2023-10-22,-0.010480112982661077
2023-10-23,0.00439556526520643
2023-10-24,0.0008259613305500406
2023-10-25,-0.019559452650608034
2023-10-27,0.0051642768208608756
2023-10-29,0.0020382154835748493
2023-10-30,0.0052000905611057765
2023-10-31,-0.0018487753101641903
2023-11-01,0.015928431084344632
2023-11-02,0.011069644881922615
2023-11-03,0.004333767575536872
2023-11-05,0.0049421875115301765
2023-11-06,0.004805823213002756
2023-11-07,0.007023024739003723
2023-11-08,0.001664407929252964
2023-11-09,-0.0016160907804922482
2023-11-10,0.010937288250813377
2023-11-11,0.0030165326459844597
2023-11-12,-0.0007913902032453115
2023-11-13,-0.0005656652674759111
2023-11-14,0.014025332283815466
2023-11-15,0.0033245642801620935
2023-11-16,-0.00015137544711273332
2023-11-17,0.00018859249600693058
2023-11-20,0.006559165004117191
2023-11-21,-0.002419915057099759
2023-11-22,0.0015220158344319188
2023-11-23,0.0004800406295614592
2023-11-24,-0.0013322601262323022
2023-11-27,0.0023726749215234916
2023-11-28,0.008615472917598128
2023-11-29,-0.0005662191988392662
2023-11-30,0.0013352136803090082
2023-12-01,-0.0011139724759505292
2023-12-03,0.013463301632098442
2023-12-04,-0.0006510166112364653
2023-12-05,0.005488652906086805
2023-12-06,-0.0020999323452440964
2023-12-07,0.008694198974586913
2023-12-08,0.003236384985014426
2023-12-10,0.002986702928286633
2023-12-11,-0.001662457928997203
2023-12-12,0.007579506090403341
2023-12-13,0.01212765585116538
2023-12-15,0.003744304142062762
2023-12-17,0.00013793501961460042
2023-12-18,0.005820923340659437
2023-12-19,-0.010207229848137751
2023-12-20,0.0012567230405807505
2023-12-21,0.006622127690276716
2023-12-22,-0.0010076609370019585
2023-12-25,0.0037169831949347126
2023-12-26,0.006245666925063017
2023-12-27,0.0035386651557039552
2023-12-28,0.00019022943042145703
2023-12-29,-0.0024842606995653326
2023-12-31,0.0009834050445661918
2024-01-01,-0.00262273493051543
2024-01-02,-0.008411344918720516
2024-01-03,0.00306605165628696
2024-01-04,-0.0023825436848844174
2024-01-05,0.0008104344451571427
2024-01-07,-0.00666565486757909
2024-01-08,0.010563068764948539
2024-01-10,0.006434729673762121
2024-01-11,0.005373954150041825
2024-01-12,0.0001801147782443206
2024-01-14,0.0043989398174470945
2024-01-15,-0.001423600733414835
2024-01-16,-0.01397623838698897
2024-01-17,-0.0053274439008425024
2024-01-18,0.01223766838788868
2024-01-19,0.009487579378426314
2024-01-22,-0.01414457456843619
2024-01-23,0.009794795355550744
2024-01-24,0.00595879380387579
2024-01-25,-0.002056193341002176
2024-01-26,-0.0006999504505138097
2024-01-28,0.009155702869251282
2024-01-29,0.0023928368318095333
2024-01-30,0.0035818565991500503
2024-01-31,-0.010381828093614638
2024-02-01,0.007815286586542326
2024-02-02,0.013826444606156339
2024-02-05,0.004060731516318862
2024-02-06,0.002850974157976104
2024-02-07,0.0028210222946099535
2024-02-08,0.0011177518706110747
2024-02-09,0.0055407708423173855
2024-02-11,-0.010063181630606776
2024-02-12,0.000767522139740141
2024-02-13,-0.0003145308536292626
2024-02-14,0.010508414220281209
2024-02-15,0.005369923424705928
2024-02-16,-0.004090548491426886
2024-02-18,0.0017496250522739249
2024-02-19,0.002231198551697096
2024-02-20,-0.008764015888065954
2024-02-21,0.003876407173335577
2024-02-22,0.01590217389134765
2024-02-23,-0.002487919283727455
2024-02-25,-0.0017884762867908756
2024-02-26,-0.0005100381677069209
2024-02-27,-0.006958229055735685
2024-02-29,0.013006796763848067
2024-03-01,0.009201928171345098
2024-03-03,0.0013632240403222916
2024-03-04,-0.005310125806125595
2024-03-05,-0.008716765711711127
2024-03-06,0.0010499143790242422
2024-03-07,0.008729227927861894
2024-03-08,-0.006403595305183689
2024-03-10,-0.003299418677256429
2024-03-11,-0.0065310732020797905
2024-03-12,-0.008473884024095822
2024-03-13,0.0031227300629879102
2024-03-14,-0.0020041966408208237
2024-03-15,-0.004874013965292344
2024-03-17,0.0005156695984592638
2024-03-18,0.0005297490585327641
2024-03-19,0.0017702859859662478
2024-03-20,0.016058929782701827
2024-03-21,0.0028954604541888474
2024-03-22,0.0026827739617888507
2024-03-26,0.00027020688577155023
2024-03-27,0.004541751494195074
2024-03-28,-0.0022109710788515684
2024-03-31,0.0072113620767908
2024-04-01,0.0063012561687820256
2024-04-02,-0.002077073724154357
2024-04-03,0.005041185185534393
2024-04-04,-0.0020266266716376666
2024-04-05,0.005961018143372625
2024-04-07,0.002086102652742352
2024-04-08,-3.679425803134568e-05
2024-04-09,0.004690691550047881
2024-04-10,-0.0018211653022188069
2024-04-11,0.005725970284677438
2024-04-12,-0.005598158158341339
2024-04-14,-0.0087743481961891
2024-04-15,-0.011757799803903351
2024-04-16,-0.0003098595360280936
2024-04-17,-0.008222050681595611
2024-04-18,-0.0017360253461038836
2024-04-21,0.005435189737058984
2024-04-22,0.004935850244464823
2024-04-23,0.011404963011126366
2024-04-24,0.005961670305985714
2024-04-25,-0.0012092499852135788
2024-04-26,0.01064341899737529
2024-04-28,0.0067628890560571375
2024-04-29,0.00462216651401603
2024-04-30,-0.010169348374253973
2024-05-01,0.0014485951322728762
2024-05-02,0.0030208668215623356
2024-05-03,0.010293740415919512
2024-05-05,-0.0028627449968223915
2024-05-06,-0.0008961271818112436
2024-05-07,0.0014241274795311115
2024-05-08,-0.009415827009974363
2024-05-09,0.002769982675366527
2024-05-10,-0.00030229837628437724
2024-05-12,0.0029092839950490726
2024-05-13,0.006412296921712078
2024-05-15,0.010230171083240092
2024-05-16,0.0019364698413669682
2024-05-17,0.0031500847858485733
2024-05-20,0.004633726873411905
2024-05-21,0.0036344417033839587
2024-05-22,0.004687957327630903
2024-05-23,-0.0008865670160108743
2024-05-24,0.005942994899984057
2024-05-26,0.001893999065265119
2024-05-27,-0.003193840967864604
2024-05-28,-0.0018698891205660422
2024-05-29,-0.005205531091517619
2024-05-30,-0.003452542445346087
2024-05-31,-0.0022917885914477557
2024-06-02,0.022389286538124442
2024-06-03,-0.04375309409252473
2024-06-04,0.025622210524091735
2024-06-05,0.018031728994303012
2024-06-06,0.009582615758113632
2024-06-07,-0.0006233697842568103
2024-06-10,0.0026109883736505856
2024-06-11,0.010001568552392228
2024-06-12,0.010179574010391637
2024-06-13,0.011577624394733367
2024-06-14,0.002756434682684068
2024-06-17,0.010983339778381418
2024-06-18,-0.0021867227672272894
2024-06-19,0.0027840805307044487
2024-06-20,-0.0063208355022852415
2024-06-21,-0.0014597772595380688
2024-06-23,0.0016353864255795939
2024-06-24,-0.0037561405012670373
2024-06-25,0.007762421914616202
2024-06-26,0.007917628578438559
2024-06-27,0.0018671311045533052
2024-06-28,-0.005324624737276753
2024-06-30,0.003939395282551016
2024-07-01,0.0053716229479143915
2024-07-02,0.013575075484519791
2024-07-03,0.008317592147293008
2024-07-05,0.007179753540876347
2024-07-07,-0.0009249505560704655
2024-07-08,0.002618577843376455
2024-07-09,-0.000653205353892759
2024-07-10,0.005240916513684882
2024-07-11,-0.015580187952010474
2024-07-12,0.00039957123727333844
2024-07-14,0.003060587272007006
2024-07-15,0.001944606301025739
2024-07-16,-0.002394181239955858
2024-07-17,-0.01649754460390555
2024-07-18,-0.008832351869016934
2024-07-19,-0.004776313195572106
2024-07-21,0.0030014647390976448
2024-07-22,0.005574505381013515
2024-07-23,0.001352662286586484
2024-07-24,-0.0236880068358571
2024-07-25,0.002411915710801651
2024-07-26,0.0038261806402507675
2024-07-28,0.003000994438923683
2024-07-30,-0.0050129888457534225
2024-07-31,0.014547543933433861
2024-08-01,-0.014831005821372327
2024-08-02,-0.011976862421427715
2024-08-04,-0.015529960994239518
2024-08-05,-0.020581846902850025
2024-08-06,0.014391217816986624
2024-08-07,-0.007446442997013386
2024-08-08,0.01956402558061393
2024-08-09,0.004541876821317032
2024-08-11,-3.6361912003227423e-06
2024-08-12,-0.004561996610735854
2024-08-13,0.01242324332428184
2024-08-14,0.0002026564224250271
2024-08-15,0.021034636326121323
2024-08-16,0.001322529383365009
2024-08-18,0.0007060979838905662
2024-08-19,0.010631458238443648
2024-08-20,0.0010457954806255014
2024-08-21,0.003634882463377856
2024-08-23,0.005755165723895284
2024-08-25,0.0030658265617047806
2024-08-26,-0.0037476295498539538
2024-08-27,-4.576433525020784e-05
2024-08-28,-0.006053060847034256
2024-08-29,0.0024624859961573844
2024-08-30,0.007494111065341648
2024-09-01,0.00028619470096445204
2024-09-02,0.0010804481430416006
2024-09-03,-0.017167209803922192
2024-09-04,0.00023207560232027
2024-09-05,-0.003085383557516608
2024-09-06,-0.017986241889813483
2024-09-08,0.0017730138368013005
2024-09-09,0.008586789318118607
2024-09-10,0.004521782391638192
2024-09-11,0.020265846147349234
2024-09-12,0.0081184151564142
2024-09-13,0.0030993429017814847
2024-09-15,0.0012405782939516898
2024-09-17,0.0021685558022690532
2024-09-18,-0.0020624760214748333
2024-09-19,0.022241606201029485
2024-09-20,-0.00036509175594294437
2024-09-22,0.004575938421389825
2024-09-23,0.0021513679160549224
2024-09-24,0.00306625110726872
2024-09-25,0.003840270973552146
2024-09-26,-0.0007674358067115621
2024-09-27,-0.0023059382979844106
2024-09-29,-0.005778791533884843
2024-09-30,0.003624463365097664
2024-10-01,-0.006772228910066238
2024-10-02,-0.012111809756653416
2024-10-03,-0.005524599185609126
2024-10-04,0.007272077209924942
2024-10-06,-0.009082547241471972
2024-10-07,-0.0009892383513214378
2024-10-08,0.01122695271743407
2024-10-09,0.0034519704710666097
2024-10-11,-0.0036291173587619592
2024-10-13,0.0035615589452178678
2024-10-14,0.0029835697338860693
2024-10-15,-0.004105768811290586
2024-10-16,-0.008161933197466227
2024-10-17,0.003197808979470982
2024-10-18,0.008181571667468142
2024-10-20,-0.004251100055855291
2024-10-21,-0.007459328515269068
2024-10-22,0.001592040523675215
2024-10-23,-0.01018567576479922
2024-10-24,0.0016577974808614404
2024-10-25,0.004645981091718393
2024-10-27,0.003698071070934966
2024-10-28,0.005191463562521979
2024-10-29,0.004031854500358648
2024-10-30,-0.0034420807783248964
2024-10-31,-0.012145406883057899
2024-11-01,0.003347152672321201
2024-11-03,-0.006127144257805247
2024-11-05,0.014509717797445613
2024-11-06,0.010764443544165985
2024-11-07,0.006508406322431477
2024-11-08,0.00046589049393008504
2024-11-10,6.020554949003982e-05
2024-11-11,-0.00649727794975705
2024-11-12,-0.009217826729903728
2024-11-13,0.0016776722073408457
2024-11-14,-0.0029304093081894945
2024-11-15,-0.010688418010180323
2024-11-17,0.00010052234142447346
2024-11-18,0.008229088213570223
2024-11-19,0.006921986032596609
2024-11-20,-0.005045421913367515
2024-11-21,0.005089220033912246
2024-11-22,-0.000215100196150763
2024-11-24,0.008804154047712464
2024-11-25,-0.0005596550982146414
2024-11-26,0.008546129945561408
2024-11-27,-0.006704402115052087
2024-11-29,0.0051555512528122125
2024-12-01,0.002923968424829995
2024-12-02,0.013297078388273263
2024-12-03,0.007240831401336956
2024-12-04,0.009875824114235836
2024-12-05,0.0029279597052108324
2024-12-06,0.008188205884232864
2024-12-08,-0.0005278759782383221
2024-12-09,-5.432229988809382e-05
2024-12-10,0.0026688326296141584
2024-12-11,0.011979300635359557
2024-12-12,-0.001306012572681532
2024-12-13,0.007699853849355956
2024-12-15,0.0005506543405902285
2024-12-16,0.00593494479547984
2024-12-17,-0.005418748395461405
2024-12-18,-0.02341597160305131
2024-12-19,-0.009361531689170649
2024-12-20,0.0027546023939928584
2024-12-22,0.0031950423919800495
2024-12-24,0.009116467899732864
2024-12-25,0.0005901065399911237
2024-12-26,-0.0017810452586952033
2024-12-27,-0.008586867385414509
2024-12-29,-0.0023207647017539097
2024-12-30,-0.006780311048674243
2024-12-31,-0.003945004473591356
2025-01-01,0.006826041233600741
2025-01-02,-0.0057051598502179226
2025-01-03,0.007133729086553032
2025-01-05,-0.01163431136112421
2025-01-06,0.010245414563025452
2025-01-07,-0.012860643379829617
2025-01-08,-0.005003584822699003
2025-01-09,-0.0071551372186948676
2025-01-10,-0.008483873480489911
2025-01-12,-0.013253589356106073
2025-01-13,0.006194511784090652
2025-01-14,-0.0027612354150474477
2025-01-15,0.019909631458385403
2025-01-17,0.008620492366427281
2025-01-19,0.004201493106078619
2025-01-20,-0.009349271802567609
2025-01-21,0.00013063789985401535
2025-01-22,0.015351296943021682
2025-01-23,-0.0018570432194551425
2025-01-24,-0.0007044019174441104
2025-01-26,-0.008447547603667803
2025-01-27,-0.011679263098342283
2025-01-28,0.019430054672005592
2025-01-29,-0.0015225526114778817
2025-01-30,0.005531133460857111
2025-01-31,0.0013289619928708654
2025-02-02,-0.003988754034043629
2025-02-03,0.0008762942691321664
2025-02-04,0.010236375945776133
2025-02-05,-0.005345414566976392
2025-02-06,0.00231976277593636
2025-02-07,-0.009384173606968218
2025-02-09,-0.005804088252183033
2025-02-11,-0.002480173380402626
2025-02-12,0.0019215640064833641
2025-02-13,0.0013530590671827927
2025-02-14,0.0019927219203003427
2025-02-16,0.0008614673065372462
2025-02-17,-0.0007661186531439203
2025-02-18,-0.00029159022821660576
2025-02-19,0.003827018041173873
2025-02-20,-0.007028384288519316
2025-02-21,-0.011480275116076093
2025-02-23,-0.0046838681908495305
2025-02-24,-0.008768278951245288
2025-02-25,-0.00906720874202879
2025-02-26,-0.00042883555059537867
2025-02-27,-0.024706562948125083
2025-02-28,0.00924798043871317
2025-03-02,0.0005138396241334935
2025-03-03,-0.013297148706027023
2025-03-04,0.0057397932466464775
2025-03-05,0.012400645153388797
2025-03-07,0.0033115864889404745
2025-03-09,-0.004462976820941257
2025-03-10,-0.024047955763258976
2025-03-11,0.0029689290658198196
2025-03-12,0.007879256813637603
2025-03-13,-0.013182648501628647
2025-03-14,0.01346065983628431
2025-03-16,0.003035962808833639
2025-03-17,0.008362219803577407
2025-03-18,-0.0054713002735975475
2025-03-19,0.013879597212702053
2025-03-20,0.002683279367270529
2025-03-21,0.006855606733713349
2025-03-23,0.007567389683866437
2025-03-24,0.010181349779384086
2025-03-25,0.0029502132174218155
2025-03-26,-0.01038389832332892
2025-03-27,-0.0038489324617674648
2025-03-28,-0.017735611288965402
2025-03-31,-0.00718121733842998
2025-04-02,0.004673815260265284
2025-04-03,-0.03991875467856886
2025-04-04,-0.028268066338999687
2025-04-06,-0.016356564655329513
2025-04-07,0.011404407848669727
2025-04-08,-0.011941347476857845
2025-04-09,0.06800593056726993
2025-04-10,-0.014569504544796252
2025-04-11,0.010469049809985457
2025-04-14,0.013971831160842092
2025-04-15,0.004491330104282261
2025-04-16,-0.00979332358679488
2025-04-17,-0.002161236832653708
2025-04-20,0.008800020687974943
2025-04-21,-0.009861170206881136
2025-04-22,0.018475405678136336
2025-04-23,0.013872678648210327
2025-04-24,0.008709631544078607
2025-04-25,0.01040667025905207
2025-04-27,0.00664343536472667
2025-04-29,1.021051392045533e-05
2025-04-30,-0.001760851594977151
2025-05-01,0.011366321954772968
2025-05-02,0.006399784144111121
2025-05-04,0.003880277309991694
2025-05-05,-0.012893665556159159
2025-05-06,0.000555196546103701
2025-05-07,-0.006573742865063336
2025-05-08,0.00019389475317010876
2025-05-09,0.0008115883413819487
2025-05-11,0.020099585829540845
2025-05-12,0.01787170481790594
2025-05-13,0.012165803619395201
2025-05-14,0.012129369277970928
2025-05-15,9.352045527794028e-05
2025-05-16,0.0017835586371329432
2025-05-18,0.00031863320344375373
2025-05-19,-0.007089486885015392
2025-05-20,0.0010708180239747222
2025-05-21,-0.005894184770958569
2025-05-23,-0.005963938833572206
2025-05-25,0.002590728165168781
2025-05-26,-0.001827430353975165
2025-05-27,0.012873153221654231
2025-05-28,0.00040820899129946793
2025-05-29,8.366748822168656e-06
2025-05-30,-0.0003149919050962516
2025-06-01,0.001316827798158789
2025-06-02,0.0005588573918072295
2025-06-03,0.0030902978835748965
2025-06-04,0.005635638380472071
2025-06-05,0.0016356281739198703
2025-06-06,0.005379686410570256
2025-06-08,0.003897999495484803
2025-06-09,0.001117170464966541
2025-06-10,0.0018992574701719577
2025-06-11,-0.0075582859578696175
2025-06-12,-0.003395240176587712
2025-06-13,-0.004177431697079467
2025-06-15,0.004399081803889778
2025-06-17,-0.004873059975536101
2025-06-18,-0.0038024031965909464
2025-06-19,0.006909795959118241
2025-06-20,-0.0030682364660123865
2025-06-22,-0.0009364527822501862
2025-06-23,0.009469024534109612
2025-06-24,0.008441458011423944
2025-06-25,0.007112209251694981
2025-06-26,0.008620988927187016
2025-06-27,0.004815114339947318
2025-06-29,2.876687869841015e-06
2025-06-30,0.0016167549035765816
2025-07-01,-0.009679077042615067
2025-07-02,0.003173846876344822
2025-07-03,0.006152553115492797
2025-07-06,-0.0003306613536330274
2025-07-07,-0.004242757182036381
2025-07-08,-0.0026694280967492143
2025-07-09,0.0036669005911902568
2025-07-10,-0.004064321916397139
2025-07-13,0.0008599875296112657
2025-07-14,0.004311897089658912
2025-07-15,0.0022907134913793133
2025-07-16,-0.001834235488223674
2025-07-17,-0.0006889632255896177
2025-07-18,-0.0013928645919683454
2025-07-20,0.003663572301986783
2025-07-21,0.0033443480976194048
2025-07-22,-0.0018823000594184159
2025-07-23,-0.0010749136495024623
2025-07-24,-0.005190494441892698
2025-07-25,0.001710895682238442
2025-07-27,-0.0036910156406370744
2025-07-28,0.005253292432586357
2025-07-29,-0.0020501061898305284
2025-07-30,-0.0014983278823916058
2025-07-31,-0.0014510183612633618
2025-08-01,-0.011927751136333268
2025-08-03,0.0037120802850032163
2025-08-04,0.00683295463709809
2025-08-06,0.011403282019114985
2025-08-07,-0.0039040193971590005
2025-08-08,0.008002577981029827
2025-08-10,0.005005052206344359
2025-08-11,-0.0025589386142552237
2025-08-12,0.008455451312622993
2025-08-13,-0.002393467796800539
2025-08-14,0.003455624163878786
2025-08-15,-0.0010294875905146673
2025-08-17,0.005238204784866092
2025-08-18,0.002078722793449499
2025-08-19,-0.007312661427997314
2025-08-20,-0.005234206627123317
2025-08-21,-0.006186385408198055
2025-08-22,0.009075289021719559
2025-08-24,0.0009982314037797803
2025-08-25,-0.00512944621135055
2025-08-26,0.0018485431602723687
2025-08-27,-0.005148161059078528
2025-08-28,0.0020429556934373873
2025-08-31,0.0058795573939524155
2025-09-01,-0.000416358637285701
2025-09-02,0.00022752846843205994
2025-09-03,0.009260765972697283
2025-09-04,0.007279320345933931
2025-09-05,0.001016030580850301
2025-09-07,0.0013843798584795227
2025-09-08,0.002611721259945582
2025-09-09,0.005679635938498976
2025-09-10,0.000301703707070753
2025-09-11,0.0016443904940704663
2025-09-12,0.00418242890782411
2025-09-14,0.0010431372043455116
2025-09-15,0.011081915139506534
2025-09-16,0.0026060377429601937
2025-09-17,0.0007454342032491215
2025-09-18,-0.001014869625932766
2025-09-19,0.0059594125634812025
2025-09-21,-0.0016425811391198215
2025-09-22,0.0011790988815665508
2025-09-24,-0.004065953831317731
2025-09-25,-0.009349219612148525
2025-09-26,0.0018315816196500367
2025-09-28,0.0014503255202486603
2025-09-29,0.00047748357330220975
2025-09-30,0.004653121822496315
2025-10-01,-1.81060255963343e-05
2025-10-02,0.002314570963325813
2025-10-03,-0.002666551310072501
2025-10-05,0.003929695697948363
2025-10-06,0.006053214207225618
2025-10-07,-0.004277551779154915
2025-10-08,0.0077341823499100055
2025-10-09,0.003379920837352085
2025-10-10,-0.01569222856989183
2025-10-12,-0.00038833069589174694
2025-10-13,0.00849376833186248
2025-10-14,5.381079334108145e-05
2025-10-15,0.007087815001323905
2025-10-16,-0.0013824311595203851
2025-10-19,0.002630381980041421
2025-10-20,0.008715528905163984
2025-10-21,-0.0008901729067495767
2025-10-22,-0.00848816956723117
2025-10-23,0.0007780955008171236
2025-10-24,0.0036132894559461224
2025-10-26,0.0035564352062401943
2025-10-27,0.008971006493179045
2025-10-28,0.008862528798883969
2025-10-29,0.0018649734703185812
2025-10-30,-0.013881839700228472
2025-10-31,0.004554945416421859
2025-11-02,0.002949542356665598
2025-11-03,-0.0014263924422895564
2025-11-04,-0.00773343914599701
2025-11-05,-0.0005887944354974252
2025-11-06,-0.005612992948261911
2025-11-07,-0.002420295053988259
2025-11-09,0.0015872668106134968
2025-11-10,0.01291585564214941
2025-11-12,-0.0025620760991108844
2025-11-13,-0.008774654987160782
2025-11-14,-0.0016082389324514907
2025-11-16,0.003166534498056679
2025-11-17,-0.0037148429456204586
2025-11-18,-0.002471553992168001
2025-11-19,0.001953548939992375
2025-11-20,-0.01355464603741131
2025-11-21,0.00168495816304129
2025-11-23,-0.002151084148698353
2025-11-24,0.01664551735374165
2025-11-25,0.009466796918026599
2025-11-26,0.0041456871954326565
2025-11-27,-5.934737789812821e-05
2025-11-28,0.004381109868386117
2025-11-30,-0.00022055985168575857
2025-12-01,-0.0034072576540810917
2025-12-02,-0.00035339951150351143
2025-12-03,-0.004665731717610641
2025-12-04,0.00411298701630238
2025-12-07,-0.006961142948581519
2025-12-08,-0.0030599707060255045
2025-12-09,-0.0018406000290000037
2025-12-10,0.000547992314326845
2025-12-11,0.0020963810832567977
2025-12-12,-0.006326661383269839
2025-12-14,0.00011023272911149482
2025-12-15,-0.007331544768790792
2025-12-16,0.0011663846651441526
2025-12-17,-0.007749280269163367
2025-12-18,0.010062188613617282
2025-12-19,0.0039225911028448945
2025-12-21,0.003529948318724102
2025-12-22,0.0009709085636537952
2025-12-23,0.003110572411698692
2025-12-24,0.0007897400032753904
2025-12-25,-0.0013054272476601247
2025-12-26,-5.951010638043429e-05
2025-12-28,-0.0018924005095730116
2025-12-29,-0.0018570016411484267
2025-12-31,-0.001382529368525754
2026-01-01,0.004466228466594363
2026-01-02,-0.005307056641242541
2026-01-04,-0.0009297553618903064
2026-01-05,0.0020935116229914633
2026-01-06,-0.0007337596990528088
2026-01-07,-0.005456840990409262
2026-01-08,-0.005571359513277216
2026-01-09,0.0026865406147636717
2026-01-11,0.0014420733376564385
2026-01-12,-0.00011814611291692607
2026-01-13,-0.00044915296759208753
2026-01-14,-0.008360420008769817
2026-01-15,0.0017601231876791755
2026-01-16,3.715204509142244e-05
2026-01-18,-0.0018482753340349056
2026-01-19,-0.008734200447069927
2026-01-20,-0.01660500277409029
2026-01-21,0.005188086066173626
2026-01-22,-0.002324288249203623
2026-01-26,0.007600430155969256
2026-01-27,0.011131031957593537
2026-01-28,0.0013257028953244006
2026-01-29,-0.0065342275586059585
2026-01-30,-0.0011713899810997849
2026-01-31,-0.011620024324459771
2026-02-01,0.004638177065665169
2026-02-02,0.014820377332902495
2026-02-03,-0.006439222460179251
2026-02-04,-0.007121853172428046
2026-02-05,-0.005616782998386759
2026-02-06,0.003848155608445338
2026-02-08,0.005521577787284334
2026-02-09,0.005226331839694735
2026-02-10,-0.0005271107626238903
2026-02-11,-0.006636648475691416
2026-02-12,-0.018852662241799677
2026-02-13,-0.0034141158614645374
2026-02-15,0.005168645175653026
2026-02-16,0.0017985794294134794
2026-02-18,-0.004866397705181323
2026-02-19,0.0015480135096150873
2026-02-20,0.006756906127348614
2026-02-22,0.0011259730750473541
2026-02-23,-0.010597174788222153
2026-02-24,0.007159736358875073
2026-02-25,0.011573924295805461
2026-02-26,-0.010108473178883429
2026-02-27,0.003855189712039776
2026-03-01,-0.007415883733315835
2026-03-02,0.0017468659312230867
2026-03-03,-0.011980777618384082
2026-03-04,0.011208395614495385
2026-03-05,-0.005074623356690776
2026-03-06,-0.005786217649839754
2026-03-08,-0.01246830924766873
2026-03-09,0.012713137261497266
2026-03-10,-0.009193659659935648
2026-03-11,-0.004755948287950865
2026-03-12,-0.020314517493183033
2026-03-15,0.0029763267862743577
2026-03-16,0.01005064368099895
2026-03-17,0.006833328495081171
2026-03-18,-0.023636391194477854
2026-03-19,-0.002857555419500893
2026-03-20,-0.007746876280755794
2026-03-22,-0.018612010823466883
2026-03-23,0.018448075796002033
2026-03-24,0.00289772145376538
2026-03-25,0.0031933742166551163
2026-03-26,-0.02359128425240543
2026-03-27,-0.010725956249335382
2026-03-29,-0.015462396114883132
2026-03-30,-0.0010269765554641076
2026-03-31,0.03134304177890676
2026-04-01,0.004983898945402546
2026-04-02,0.0008371406579810276
2026-04-05,0.008347084189876312
2026-04-06,0.003776682719200265
2026-04-07,0.02632512333817655
2026-04-09,0.016039311667691503
2026-04-10,0.004072398879943857
2026-04-12,-0.0035843178346360812
2026-04-13,0.0052621305694677085
2026-04-14,0.02191718986502903
2026-04-15,0.013298398701021664
2026-04-16,0.0063425051554688765
2026-04-17,-0.00010339995720304175
2026-04-19,2.359658160290767e-05
2026-04-20,-0.0010014578628550189
2026-04-21,-0.004545813235881348
2026-04-22,0.003877970988663551
2026-04-23,-0.01065563817279586
2026-04-24,0.006933784359443106
2026-04-26,0.004752461296688807
2026-04-27,-0.0023161902362020545
2026-04-28,-4.5585225474107206e-06
2026-04-29,-0.006050745777308933
2026-04-30,0.0007703526295640534
2026-05-01,0.0036897775181153783
2026-05-04,-0.002242271658231436
2026-05-05,0.009178342554379309
2026-05-06,0.00859907116822159
2026-05-07,-0.0020496088700183595
2026-05-08,0.003519963693366891
2026-05-10,-0.007491860294793554
2026-05-11,-0.01420774495854445
2026-05-12,0.0012482905394711073
2026-05-13,0.01248048416517452
2026-05-14,0.0002070371835999098
2026-05-15,-0.0033646205084536455
2026-05-17,-0.0016249512132188147
2026-05-18,0.000925305341272627
2026-05-19,-0.004154732035614859
2026-05-20,0.003994163020616516
2026-05-21,0.0037589090089935567
2026-05-22,-0.0009011664002795301
2026-05-24,0.007918283923285752
2026-05-25,-0.0004955149704545573
2026-05-26,0.0021731276821260557
2026-05-28,-0.002983188366234288
2026-05-29,0.0020328381388793654
2026-05-31,-0.005955280238730758
2026-06-01,-0.001136717827348878
2026-06-02,-0.004842432634255783
2026-06-03,-0.005281182337317292
2026-06-04,-0.00035920739704240563
2026-06-05,-0.01486302607089675
2026-06-07,-0.0061078061623108405
2026-06-08,0.006583492596365811
2026-06-09,-0.009982128875171184
2026-06-10,-0.011080091913451431
2026-06-11,0.016003495236036926
2026-06-12,-0.0018673585458389814
2026-06-14,0.00644275813374226
2026-06-15,0.014484252721946759
2026-06-16,-0.0023441700757131138
2026-06-17,-0.00849595529362712
2026-06-18,0.005499928354011167
2026-06-21,0.0026280255247474837
2026-06-23,-0.0007295886408031179
2026-06-24,-0.004152539770703342
2026-06-25,-0.011999509823295243
2026-06-26,0.008747597097286357
2026-06-28,-0.0032254051441579826
2026-06-29,0.007954443030034218
2026-06-30,0.006253934758014062
2026-07-01,0.013163569254936176
2026-07-02,0.0015614788875572673
2026-07-05,0.0029784680829112926
2026-07-06,0.003885786126530349
2026-07-07,-0.009978789540275111
2026-07-08,0.0032897950021503384
2026-07-09,0.011575154642230112
2026-07-10,0.0018482455609596887
2026-07-12,-0.0001769097141528888
2026-07-13,-0.006666309038611757
2026-07-14,0.003451542029735808
2026-07-15,0.009239234018531026
2026-07-16,-0.0016618005417148702
2026-07-19,-0.0003994822421402481
2026-07-20,0.00026322086288355865
2026-07-21,-0.0033386116505619446
2026-07-22,-0.0070334947356238495
2026-07-23,-0.017079358937681206
2026-07-24,0.0007796446894237333
2026-07-26,0.0049249966700278475
2026-07-27,-0.00033967128404662134
2026-07-28,0.008868468067581377
2026-07-29,-0.004206398343034667
2026-07-30,0.014574847268987008
2026-07-31,0.011003260203165941
2026-08-02,0.007631943178589726
2026-08-03,0.012297525114288993
2026-08-04,0.005913923998915065
2026-08-05,-0.0017964561327748598
2026-08-06,0.00022000552192513913
2026-08-07,0.003199915532902707
2026-08-09,0.0007065643492471454
2026-08-10,0.0005200066613377848
2026-08-12,-0.00544946520686894
2026-08-13,0.006904713357212146
2026-08-14,-0.0031876510063313453
2026-08-16,-0.00043647579546940744
2026-08-17,-0.009041069266893275
2026-08-18,-0.003411888486202154
2026-08-19,0.00749815712186172
2026-08-20,-0.00335941952750032
2026-08-21,0.0019835322801782574
2026-08-23,-0.0006121255039660602
2026-08-24,0.0017466525028359493
2026-08-25,0.003691246764653764
2026-08-26,-0.0026429306211570025
2026-08-27,0.005086268524976553
2026-08-28,0.0049115421885265065
2026-08-30,0.00038520164896569845
2026-08-31,-0.006912914825916807
2026-09-01,-0.004167326290079864
2026-09-02,0.004634951518525041
2026-09-03,0.006842538182743151
