seed,ll_per_obs,max_self,min_occupancy,max_covariance,min_covariance,converged,finite_parameters,viable,iterations,symbol
42,-6.14141586580943,0.9413452963007067,0.14076070679844266,3.036741635679441,0.0,True,True,False,228,NIFTY50
49,-6.14141586841789,0.9413451028708092,0.14076070679844266,3.0367170246098265,0.0,True,True,False,100,NIFTY50
56,-6.155511826166259,0.933938032957044,0.21263851452530697,2.2195560325280144,0.0,True,True,False,73,NIFTY50
63,-6.129644976066542,0.9422908998968247,0.14165917939502845,3.0338128601207996,0.0,True,True,False,86,NIFTY50
70,-6.141415871788864,0.9413448603082591,0.14076070679844266,3.036686160929986,0.0,True,True,False,227,NIFTY50
77,-6.1414158740491995,0.941344701979292,0.14076070679844266,3.0366660146581563,0.0,True,True,False,223,NIFTY50
84,-6.141415863633184,0.9413454618085282,0.14076070679844266,3.036762693522363,0.0,True,True,False,211,NIFTY50
91,-6.1296449680370095,0.9422900577182962,0.14165917939502845,3.033833329187069,0.0,True,True,False,65,NIFTY50
98,-6.155511867954459,0.9339539238215966,0.21263851452530697,2.222541810677384,0.0,True,True,False,74,NIFTY50
105,-6.155511867046778,0.9339538969114874,0.21263851452530697,2.2225368059626964,0.0,True,True,False,54,NIFTY50
112,-6.1296449803503945,0.9422903525544695,0.14165917939502845,3.0338150844965512,0.0,True,True,False,31,NIFTY50
119,-6.129644983165768,0.9422915807142943,0.14165917939502845,3.03379512886432,0.0,True,True,False,42,NIFTY50
42,-6.282751493457228,0.9283037528347828,0.21826057980673108,2.796396955873772,0.0,True,True,False,45,NIFTYBANK
49,-6.3802699697252345,0.9385605942006826,0.16861046317894035,2.733642452620432,0.0,True,True,False,51,NIFTYBANK
56,-6.38026998004016,0.9385589267580174,0.16861046317894035,2.7335549683816756,0.0,True,True,False,88,NIFTYBANK
63,-6.3802699748888125,0.9385597603631968,0.16861046317894035,2.7335966357517045,0.0,True,True,False,43,NIFTYBANK
70,-6.3802699694589275,0.9385606393922438,0.16861046317894035,2.7336446929688485,0.0,True,True,False,82,NIFTYBANK
77,-6.282751489987694,0.9283037102298838,0.21826057980673108,2.7963923449910357,0.0,True,True,False,47,NIFTYBANK
84,-6.380269983006787,0.9385584639888165,0.16861046317894035,2.7335307426204802,0.0,True,True,False,89,NIFTYBANK
91,-6.282751495251723,0.9283037739463873,0.21826057980673108,2.7963991958434318,0.0,True,True,False,65,NIFTYBANK
98,-6.380269980488807,0.9385588405609501,0.16861046317894035,2.7335529697791507,0.0,True,True,False,39,NIFTYBANK
105,-6.380269978021454,0.9385592419797103,0.16861046317894035,2.73357209183765,0.0,True,True,False,44,NIFTYBANK
112,-6.282751489715545,0.9283037068205896,0.21826057980673108,2.796391966630795,0.0,True,True,False,68,NIFTYBANK
119,-6.3802699824650935,0.9385585547459322,0.16861046317894035,2.733534420689237,0.0,True,True,False,47,NIFTYBANK
42,-6.420184888850479,0.9261566835030329,0.22666195190947666,2.1235152709044116,0.0,True,True,False,59,NIFTYIT
49,-6.420184888630324,0.92619908703233,0.22666195190947666,2.123733665398674,0.0,True,True,False,28,NIFTYIT
56,-6.420184888436519,0.9261988162019222,0.22666195190947666,2.123736295700865,0.0,True,True,False,30,NIFTYIT
63,-6.420184883642961,0.926162859391313,0.22666195190947666,2.123389270275566,0.0,True,True,False,25,NIFTYIT
70,-6.420184889308129,0.9261993247213449,0.22666195190947666,2.1237389939686215,0.0,True,True,False,37,NIFTYIT
77,-6.42018489290885,0.9261545788565579,0.22666195190947666,2.1235090120487725,0.0,True,True,False,48,NIFTYIT
84,-6.420184893539682,0.9261542702750174,0.22666195190947666,2.1235081614014755,0.0,True,True,False,45,NIFTYIT
91,-6.420184885882815,0.9261975551182517,0.22666195190947666,2.12372202636433,0.0,True,True,False,30,NIFTYIT
98,-6.420184888771436,0.9261567293862115,0.22666195190947666,2.1235155034606863,0.0,True,True,False,42,NIFTYIT
105,-6.420184886458424,0.9261733966201211,0.22666195190947666,2.1237229558222084,0.0,True,True,False,21,NIFTYIT
112,-6.420184883430218,0.9261957404509431,0.22666195190947666,2.1237172612798285,0.0,True,True,False,29,NIFTYIT
119,-6.420184887133508,0.9261576403614383,0.22666195190947666,2.1235181849392686,0.0,True,True,False,50,NIFTYIT
42,-6.2944589318873225,0.925430740276984,0.25757575757575757,2.0594261187072855,0.0,True,True,False,69,NIFTYAUTO
49,-6.292412989345344,0.9268420240566053,0.24464153732446414,2.1343715686993145,0.0,True,True,False,59,NIFTYAUTO
56,-6.292412989504897,0.9268420306190065,0.24464153732446414,2.1343722282199074,0.0,True,True,False,74,NIFTYAUTO
63,-6.294458941762591,0.9254306707819239,0.25757575757575757,2.059382945497836,0.0,True,True,False,64,NIFTYAUTO
70,-6.292412988657111,0.926841995770417,0.24464153732446414,2.13436872649744,0.0,True,True,False,85,NIFTYAUTO
77,-6.292412988009306,0.9268419689910926,0.24464153732446414,2.1343660351732265,0.0,True,True,False,70,NIFTYAUTO
84,-6.283316620775904,0.9379361483044921,0.2601626016260163,2.0320122217829284,0.0,True,True,False,36,NIFTYAUTO
91,-6.292412977098753,0.9268415568941439,0.24464153732446414,2.1343479246290222,0.0,True,True,False,21,NIFTYAUTO
98,-6.292412998207295,0.9268423775763076,0.24464153732446414,2.1344070650554254,0.0,True,True,False,49,NIFTYAUTO
105,-6.2924130000774205,0.9268424497203572,0.24464153732446414,2.134414299466937,0.0,True,True,False,36,NIFTYAUTO
112,-6.292412997298259,0.9268423422054703,0.24464153732446414,2.1344035157720036,0.0,True,True,False,48,NIFTYAUTO
119,-6.294458942553361,0.9254306653169391,0.25757575757575757,2.059379542712142,0.0,True,True,False,64,NIFTYAUTO
42,-6.519665979163636,0.9264607907237905,0.3077736647276573,1.5116464941500352,0.0,True,True,False,49,NIFTYPHARMA
49,-6.519665979962238,0.9264588893480868,0.3077736647276573,1.5118637631228098,0.0,True,True,False,34,NIFTYPHARMA
56,-6.519665981708033,0.9264608664988384,0.3077736647276573,1.5116385178195044,0.0,True,True,False,42,NIFTYPHARMA
63,-6.5196659830130015,0.9264588184311648,0.3077736647276573,1.5118736067146528,0.0,True,True,False,38,NIFTYPHARMA
70,-6.519665981388405,0.9264587266244652,0.3077736647276573,1.5118629168095656,0.0,True,True,False,27,NIFTYPHARMA
77,-6.519665984750677,0.926460806510993,0.3077736647276573,1.5116261288516855,0.0,True,True,False,27,NIFTYPHARMA
84,-6.519665983947525,0.9264609276633516,0.3077736647276573,1.511631912525074,0.0,True,True,False,39,NIFTYPHARMA
91,-6.5196659837515885,0.9264609218962168,0.3077736647276573,1.5116324716523104,0.0,True,True,False,40,NIFTYPHARMA
98,-6.519665985095409,0.9264585506455667,0.3077736647276573,1.5118756360026853,0.0,True,True,False,25,NIFTYPHARMA
105,-6.519665977671209,0.9264606688807533,0.3077736647276573,1.5116499838783553,0.0,True,True,False,30,NIFTYPHARMA
112,-6.519665973207599,0.9264543037525824,0.3077736647276573,1.5117817947979026,0.0,True,True,False,20,NIFTYPHARMA
119,-6.519665982166233,0.9264588382364459,0.3077736647276573,1.5118709981087133,0.0,True,True,False,38,NIFTYPHARMA
42,-5.9673168728998425,0.9641183627750688,0.14316702819956617,4.382232726375079,0.0,True,True,False,30,NIFTYNEXT50
49,-5.967316870951802,0.9641182738423959,0.14316702819956617,4.3822181306395835,0.0,True,True,False,27,NIFTYNEXT50
56,-5.967316865138314,0.9641155042640392,0.14316702819956617,4.381819770136585,0.0,True,True,False,70,NIFTYNEXT50
63,-5.967316866633238,0.964115390917952,0.14316702819956617,4.381805472491959,0.0,True,True,False,33,NIFTYNEXT50
70,-6.324746474941925,0.9309112682278886,0.2453362255965293,1.8749006813579356,0.0,True,True,False,79,NIFTYNEXT50
77,-5.96731686545096,0.9641154813481319,0.14316702819956617,4.381816692739635,0.0,True,True,False,69,NIFTYNEXT50
84,-5.967316864114685,0.964115580018074,0.14316702819956617,4.381830265455809,0.0,True,True,False,64,NIFTYNEXT50
91,-5.967316864243553,0.9641155687519075,0.14316702819956617,4.381828908289175,0.0,True,True,False,83,NIFTYNEXT50
98,-5.967316867947007,0.9641153241346966,0.14316702819956617,4.381793789694143,0.0,True,True,False,30,NIFTYNEXT50
105,-5.967316866955752,0.9641180031963213,0.14316702819956617,4.38218458268166,0.0,True,True,False,26,NIFTYNEXT50
112,-5.967316867907675,0.9641152820146043,0.14316702819956617,4.381794016437134,0.0,True,True,False,26,NIFTYNEXT50
119,-5.9673168675208785,0.9641153760977024,0.14316702819956617,4.3817975625986305,0.0,True,True,False,46,NIFTYNEXT50
42,-6.222117968471465,0.9662491148345936,0.2664845883730004,2.549370622730031,0.0,True,True,False,72,NASDAQ100
49,-6.222178846064622,0.9653467288941773,0.2738002341006633,2.508751630531098,0.0,True,True,False,196,NASDAQ100
56,-6.222178853458276,0.9653467554442648,0.2738002341006633,2.5087230819255897,0.0,True,True,False,196,NASDAQ100
63,-6.222178848596552,0.965346738045006,0.2738002341006633,2.508741804434944,0.0,True,True,False,204,NASDAQ100
70,-6.222178847668218,0.9653467347044491,0.2738002341006633,2.5087453982429406,0.0,True,True,False,212,NASDAQ100
77,-6.222117964971182,0.9662483344556633,0.2664845883730004,2.5493537938485304,0.0,True,True,False,71,NASDAQ100
84,-6.222178849265482,0.9653467404413814,0.2738002341006633,2.508739218428957,0.0,True,True,False,192,NASDAQ100
91,-6.222178846763776,0.9653467314435237,0.2738002341006633,2.5087489131710012,0.0,True,True,False,195,NASDAQ100
98,-6.222178849728948,0.9653467420692481,0.2738002341006633,2.508737423465182,0.0,True,True,False,191,NASDAQ100
105,-6.222178849443275,0.9653467410697706,0.2738002341006633,2.508738528963683,0.0,True,True,False,195,NASDAQ100
112,-6.222117962825215,0.9662073929217732,0.2664845883730004,2.5484669256534254,0.0,True,True,False,88,NASDAQ100
119,-6.222178848135907,0.9653467363531254,0.2738002341006633,2.508743584311383,0.0,True,True,False,206,NASDAQ100
42,-6.125179944545787,0.9441296861508424,0.22889004149377593,2.4691265183506146,0.0,True,True,False,121,SP500
49,-6.125294843356606,0.943908641082723,0.22899377593360995,2.4711707197558272,0.0,True,True,False,97,SP500
56,-6.125179947422059,0.9441291945020882,0.22889004149377593,2.4690987225780914,0.0,True,True,False,90,SP500
63,-6.1251799473918815,0.944129110756221,0.22889004149377593,2.469099851580583,0.0,True,True,False,69,SP500
70,-6.125294844581864,0.9439087791395202,0.22899377593360995,2.471182890002326,0.0,True,True,False,113,SP500
77,-6.1252948461099965,0.9439089448323615,0.22899377593360995,2.47119757129134,0.0,True,True,False,113,SP500
84,-6.125179944516958,0.944129691420824,0.22889004149377593,2.4691268095678134,0.0,True,True,False,107,SP500
91,-6.125294842851167,0.9439085830639612,0.22899377593360995,2.471165604024778,0.0,True,True,False,117,SP500
98,-6.125179946756768,0.9441292806505872,0.22889004149377593,2.469105239138025,0.0,True,True,False,75,SP500
105,-6.1251799459524365,0.9441294421675736,0.22889004149377593,2.4691126930028546,0.0,True,True,False,96,SP500
112,-6.125179946572354,0.9441419635789394,0.2288381742738589,2.469909868881958,0.0,True,True,False,73,SP500
119,-6.1251799443074315,0.944129728895077,0.22889004149377593,2.469128938393964,0.0,True,True,False,110,SP500
