current_regime,next_regime,probability,symbol
BULL,BULL,0.7906066536203522,NIFTY50
BULL,SIDE,0.2054794520547945,NIFTY50
BULL,BEAR,0.003913894324853229,NIFTY50
SIDE,BULL,0.04055619930475087,NIFTY50
SIDE,SIDE,0.9385863267670915,NIFTY50
SIDE,BEAR,0.02085747392815759,NIFTY50
BEAR,BULL,0.0078125,NIFTY50
BEAR,SIDE,0.2109375,NIFTY50
BEAR,BEAR,0.78125,NIFTY50
BULL,BULL,0.8245877061469266,NIFTYBANK
BULL,SIDE,0.16941529235382308,NIFTYBANK
BULL,BEAR,0.005997001499250375,NIFTYBANK
SIDE,BULL,0.06087877183695077,NIFTYBANK
SIDE,SIDE,0.9015352038115405,NIFTYBANK
SIDE,BEAR,0.037586024351508734,NIFTYBANK
BEAR,BULL,0.004329004329004329,NIFTYBANK
BEAR,SIDE,0.15800865800865802,NIFTYBANK
BEAR,BEAR,0.8376623376623377,NIFTYBANK
BULL,BULL,0.8259587020648967,NIFTYIT
BULL,SIDE,0.1710914454277286,NIFTYIT
BULL,BEAR,0.0029498525073746312,NIFTYIT
SIDE,BULL,0.06701030927835051,NIFTYIT
SIDE,SIDE,0.8940435280641467,NIFTYIT
SIDE,BEAR,0.038946162657502864,NIFTYIT
BEAR,BULL,0.004750593824228029,NIFTYIT
BEAR,SIDE,0.16152019002375298,NIFTYIT
BEAR,BEAR,0.833729216152019,NIFTYIT
BULL,BULL,0.836552748885587,NIFTYAUTO
BULL,SIDE,0.16047548291233285,NIFTYAUTO
BULL,BEAR,0.0029717682020802376,NIFTYAUTO
SIDE,BULL,0.06420927467300833,NIFTYAUTO
SIDE,SIDE,0.906064209274673,NIFTYAUTO
SIDE,BEAR,0.029726516052318668,NIFTYAUTO
BEAR,BULL,0.005434782608695652,NIFTYAUTO
BEAR,SIDE,0.1358695652173913,NIFTYAUTO
BEAR,BEAR,0.8586956521739131,NIFTYAUTO
BULL,BULL,0.8384512683578104,NIFTYPHARMA
BULL,SIDE,0.1588785046728972,NIFTYPHARMA
BULL,BEAR,0.0026702269692923898,NIFTYPHARMA
SIDE,BULL,0.04564633678557729,NIFTYPHARMA
SIDE,SIDE,0.918680475642501,NIFTYPHARMA
SIDE,BEAR,0.03567318757192175,NIFTYPHARMA
BEAR,BULL,0.004514672686230248,NIFTYPHARMA
BEAR,SIDE,0.20993227990970656,NIFTYPHARMA
BEAR,BEAR,0.7855530474040632,NIFTYPHARMA
BULL,BULL,0.842200180342651,NIFTYNEXT50
BULL,SIDE,0.1550946798917944,NIFTYNEXT50
BULL,BEAR,0.002705139765554554,NIFTYNEXT50
SIDE,BULL,0.06134094151212553,NIFTYNEXT50
SIDE,SIDE,0.9015691868758916,NIFTYNEXT50
SIDE,BEAR,0.037089871611982884,NIFTYNEXT50
BEAR,BULL,0.0028011204481792717,NIFTYNEXT50
BEAR,SIDE,0.14705882352941177,NIFTYNEXT50
BEAR,BEAR,0.8501400560224089,NIFTYNEXT50
BULL,BULL,0.8196588139723802,NASDAQ100
BULL,SIDE,0.17952883834281072,NASDAQ100
BULL,BEAR,0.0008123476848090983,NASDAQ100
SIDE,BULL,0.06939417781274587,NASDAQ100
SIDE,SIDE,0.8885916601101495,NASDAQ100
SIDE,BEAR,0.04201416207710464,NASDAQ100
BEAR,BULL,0.0013774104683195593,NASDAQ100
BEAR,SIDE,0.18388429752066116,NASDAQ100
BEAR,BEAR,0.8147382920110193,NASDAQ100
BULL,BULL,0.7651262505955216,SP500
BULL,SIDE,0.23392091472129586,SP500
BULL,BEAR,0.0009528346831824678,SP500
SIDE,BULL,0.03136602227627704,SP500
SIDE,SIDE,0.9490462168736398,SP500
SIDE,BEAR,0.019587760850083215,SP500
BEAR,BULL,0.0019035532994923859,SP500
BEAR,SIDE,0.1935279187817259,SP500
BEAR,BEAR,0.8045685279187818,SP500
