date,p05,p25,p50,p75,p95
1,0.9879850298579846,0.9961107866972325,1.0005245248726875,1.0050853722837447,1.0130243009662119
2,0.9828825477765595,0.9946242928088879,1.0010493072428153,1.0077177651005136,1.0190866579561773
3,0.9783482941852079,0.9933892658023891,1.0015001206568406,1.0100873352103226,1.0241750839823203
4,0.9745030646027052,0.9923473637496161,1.002070657256795,1.0120760140552274,1.0288888244513663
5,0.9711784013890525,0.9915732305696974,1.0027358559326904,1.0139382735917788,1.0333909272925654
6,0.9678328102972987,0.9906196663110236,1.0034407022188758,1.0157258564280158,1.038168593862534
7,0.9642729174855363,0.9899340076919874,1.003969708640406,1.0169754004610145,1.0415255398680063
8,0.9622902531118086,0.9893880619521804,1.0041197941167321,1.0187089142570356,1.0458689559670693
9,0.9597581033465569,0.9886544735861965,1.0046668635551463,1.020203775078396,1.0502368300014302
10,0.9567053142667109,0.9883909458561511,1.005203483167472,1.0219476170345119,1.0530754051408286
11,0.9555543169353643,0.9880723211376258,1.005586749038954,1.023777388931776,1.0561921803642738
12,0.9526484442009219,0.9875057294280616,1.0063186314555197,1.0252687268305665,1.05885670535235
13,0.9507615972916786,0.9873584819637464,1.0067597999133453,1.026717479988767,1.06196303497115
14,0.9491598912046473,0.9864995787709185,1.0072129835131423,1.0277269885901068,1.0644588991045743
15,0.9466184997773054,0.9858076512225845,1.007510074843943,1.0290089597890324,1.0672567913146678
16,0.944942439607737,0.9854121355784393,1.008064475458851,1.0303677889397433,1.0703678992414534
17,0.9433856154467692,0.985280014662352,1.008635988560724,1.0321888975978037,1.0737487320588641
18,0.9416862158058458,0.9848675231831996,1.0089690942425336,1.0330691026731733,1.0760228947346493
19,0.9391946102212166,0.9846979657189404,1.0091902664607644,1.0344160443859671,1.0792992829433155
20,0.9380248175760525,0.9843644051601168,1.0094601479890584,1.0358344254525254,1.0803854374650181
21,0.9358881556176306,0.9836578789994543,1.0102144799287172,1.0370465743641142,1.081603810538471
22,0.9333732366246873,0.9831804686813286,1.0107333702510939,1.0384004858853524,1.0850137978878338
23,0.9320405918278309,0.9830957478984548,1.011472788380011,1.039577049366287,1.0873308572007232
24,0.9305661647101642,0.9828029617016523,1.0122633841294073,1.0405167624655978,1.0899014961538371
25,0.9286942224692614,0.9822301261738721,1.013021156484513,1.042009149523689,1.09224686389446
26,0.927440148362524,0.9820227393301154,1.013666952828979,1.0429124836879407,1.0944036127802608
27,0.9258999976179504,0.9816708521800072,1.013707257929688,1.0443303664060288,1.0967957875496936
28,0.9260547631327471,0.9817067651400181,1.0139432105947639,1.0452315396572716,1.0987359888469692
29,0.9250625328305759,0.9811972813765709,1.0140159063670788,1.0457362068409877,1.101058577527841
30,0.9228921638765478,0.980671063375038,1.0145905039819492,1.047373816586504,1.1037705008094927
31,0.9215935583198898,0.9809474088615271,1.0151450850023678,1.0483766431210577,1.1061615552507287
32,0.9202244640294547,0.9808890021372016,1.0155732785959033,1.049159645583251,1.1075238141226638
33,0.9195144733343961,0.9807841150982464,1.0157874387526808,1.050432876920154,1.1100430963524524
34,0.9172816274332111,0.9802707737949409,1.0163379854849777,1.0509657126031757,1.1139611047507207
35,0.916607870667742,0.9801292351038272,1.016374626450969,1.0521951101993445,1.1156581496046154
36,0.9158457673314284,0.9800963448469459,1.01680047124676,1.0538874164945764,1.1188758067731774
37,0.9146555939768285,0.9800035203344264,1.0175817201154174,1.0543776121892774,1.1189196712754628
38,0.9142483531140155,0.9796291434821789,1.0178107718427558,1.0561180001293011,1.1225769959792062
39,0.9136345192424249,0.9794926133521888,1.017822376679083,1.0572435835910958,1.125584423238102
40,0.913415174199277,0.9788163899266242,1.018061095655725,1.05825879184039,1.1262762480694355
41,0.9122868062496402,0.9791623601553516,1.0181410436890803,1.0595868005391955,1.1296818471603205
42,0.9110320435455622,0.979150917465209,1.0186459864471167,1.0608513118984795,1.130984636709922
43,0.910937083058812,0.9787491120051538,1.0192715863198836,1.0617146146828094,1.1333695693017558
44,0.9088270686842576,0.9786068516067926,1.0196267780326744,1.0623289414284132,1.136258895647714
45,0.9068661596052869,0.9779810928592186,1.0196100210257502,1.0636780454187829,1.1371201895052219
46,0.9066368520510569,0.9775043239937371,1.0201799095777373,1.0644035300843795,1.139467114528853
47,0.9056996182311735,0.9781344498793727,1.0205243310990975,1.0660983505863189,1.1406725678915237
48,0.9049310190455667,0.9775081313441978,1.0215486366924624,1.0669174050151786,1.1429596803489204
49,0.9036787985079321,0.9772467881011496,1.0218434195499444,1.0681482056643825,1.145758689941333
50,0.9030913881902326,0.9772028908151758,1.022246195867527,1.0695155685828592,1.147231938468713
51,0.902819389750486,0.9767552447228536,1.0224823138927275,1.0706950422115162,1.1485509361983337
52,0.9020136678517119,0.9773638784167321,1.0232943875509286,1.0717040626376844,1.1507272118515575
53,0.9007373167074416,0.9772530406645784,1.023996592598801,1.0721137715991749,1.1524006985616555
54,0.8993052465081506,0.9764887017484525,1.0246417202719589,1.0728138746134888,1.1550424185432573
55,0.8990489477238196,0.976197635700822,1.024641554149671,1.0741653246405154,1.1579561944781678
56,0.8985107659275482,0.9755769803671875,1.0252824112252403,1.0748543953234144,1.1591952787852244
57,0.8974942497374045,0.9760030066540654,1.025825987714052,1.0760822551117009,1.1602165444010728
58,0.8967003030780067,0.9755674114413942,1.026515483568064,1.0771050448533828,1.161153184136107
59,0.8956141789049145,0.97535798710528,1.0268349111221715,1.0785906354383277,1.1605768426593985
60,0.8944560822021419,0.9755947996114951,1.0268202166381664,1.0793165987956161,1.1643228503086114
61,0.8931064859845254,0.9752588649380266,1.027519049740651,1.0795017031708996,1.1660996203844516
62,0.8913185254641234,0.9758939823151864,1.0280711409014704,1.0807910676995849,1.1675174336597594
63,0.8917778571524756,0.9761035805566325,1.0281339762787571,1.0809403649453895,1.1695506052346791
64,0.8906650749662651,0.9759163983667406,1.0286286200567099,1.0808932391998347,1.1718529563877185
65,0.8901651463868077,0.9756780934193324,1.0286222353601866,1.0815114634300556,1.173798330711366
66,0.8905102806620157,0.9759798654546842,1.0289503951556005,1.0829619819008518,1.1755916018329067
67,0.8888617966269211,0.9752758729977802,1.030068771532341,1.0842277959633337,1.1778563550026337
68,0.8894375945937633,0.9757973648871503,1.0301003621785918,1.0846710401516508,1.1783162494203656
69,0.8886525076786008,0.9753018304933398,1.0305487917360066,1.0853606189273337,1.1804841113412312
70,0.8886288891119837,0.9757138711510923,1.0311068867658733,1.0871884213351732,1.183029176989871
71,0.8861207102253765,0.9750166015655531,1.0310992483432284,1.0874575478945174,1.1843055521179997
72,0.8853288334877197,0.9747238650962597,1.0309778912959344,1.0884660585898616,1.1851094924785903
73,0.8858491211506123,0.9745779885806133,1.0317054471589167,1.0892036094659678,1.1855977119019154
74,0.885672301267723,0.9747773585435229,1.032200720541597,1.0908991999633533,1.1882273939544998
75,0.8853409379339962,0.9753695152404689,1.0332304453034893,1.0915658816755536,1.1889738740385412
76,0.8843723928761491,0.9755598030960432,1.0333949060042524,1.0919998312965542,1.190439628785661
77,0.8843693520675537,0.9746960301112562,1.0334199076878923,1.0926582724409424,1.1927133094124347
78,0.8845538440819816,0.9746895212647718,1.0339101144920648,1.093763972412856,1.1931907772050068
79,0.8837442732856203,0.97514103360882,1.034267310836963,1.0940352256285273,1.1940739574196655
80,0.8827959968894223,0.974602501296549,1.033662263283285,1.0949415007082703,1.1964766337574606
81,0.8808482322315984,0.9741952143359749,1.034815155288761,1.095741749835107,1.1981189041306501
82,0.8801082404356937,0.9747292693558692,1.0352496176136712,1.0960171352552945,1.1998745476619064
83,0.8803447674522457,0.9745526700533773,1.0361033388055263,1.0981114277773079,1.2017146396128613
84,0.8790664197336738,0.9730941866133749,1.0361377003435024,1.098561383584135,1.2034781501578649
85,0.879143916421705,0.9736610032903409,1.036465294332927,1.0994732194156298,1.2059222358512525
86,0.8793738051990612,0.9736711747663227,1.0368134066180863,1.099736621259652,1.2071753601754163
87,0.8788992034834442,0.9728677244320059,1.0373357248118031,1.10046269868498,1.2082960936048326
88,0.8790038427332693,0.9728285779645317,1.0375659175799035,1.1010186949011562,1.2088840301342774
89,0.8786011806806272,0.9730261935549891,1.0380372390415304,1.1025725617295254,1.2125432060958745
90,0.8774685865189216,0.9730554043116204,1.0383718411845186,1.1033755373788774,1.2128743639602149
91,0.8762291828264043,0.9729372097009725,1.0393267932045456,1.1044824636450665,1.2136402555272474
92,0.8754502647065515,0.972699218226283,1.0392480467933476,1.104715758967353,1.2152693930506904
93,0.8744557245946722,0.9728800852939697,1.0393316378351063,1.1060297333955162,1.2158287404114387
94,0.8740585388518413,0.9723315428283872,1.0393836057444468,1.106989528938851,1.22044794001806
95,0.8720872489457285,0.9725775377880054,1.0400137428953076,1.1080173038376786,1.220893804643789
96,0.8715858577135409,0.9728359661835881,1.040052586296443,1.1093355864493966,1.2209916985561877
97,0.8708813813570956,0.9727874421360556,1.0404925008446262,1.110324182214597,1.2229352340157387
98,0.8707517151118517,0.9731768962004536,1.0413158217112632,1.109898760738433,1.2246496756367455
99,0.8696390794170066,0.9729547816198147,1.0413313742006194,1.1117004697709194,1.2270890324893036
100,0.8680754690925678,0.972940626622235,1.0412315802073888,1.1133867901063264,1.2284055882778948
101,0.8684314380247947,0.9723431452098247,1.0414846267551274,1.1131968708365811,1.2295740282694405
102,0.8673533335324847,0.9726817742289344,1.0417124252188874,1.1140093619748375,1.2327568725836053
103,0.8671237617367671,0.9723852966491263,1.0424008855211544,1.1138294786888392,1.231811902513487
104,0.8680515998970083,0.9720006947870466,1.043052706169262,1.1149706326285338,1.2345179492400933
105,0.8664984736080922,0.9722746193848187,1.0433602300986045,1.1153898602247307,1.2347246807296377
106,0.8687978100282564,0.9726007347070449,1.0435737637368911,1.1159266464088653,1.2372261321249585
107,0.8677070565306496,0.9725716608289318,1.0441980103802764,1.1172262341888335,1.2381464634639319
108,0.8659609377935515,0.972600399693456,1.044893376503149,1.1175319152296936,1.2409069431353537
109,0.8656655406793157,0.9726475118865865,1.0444057516843621,1.1193605287769899,1.2409688823853076
110,0.8648165661608334,0.9740668156999887,1.0447744680517774,1.1197784750224442,1.2423396819650463
111,0.8643755529841776,0.9737296044770544,1.04556340160376,1.1207642519902004,1.2438770386990274
112,0.8644032965185,0.9732925980210814,1.0460398878320352,1.120993858538754,1.2458365960584288
113,0.864176139544016,0.9728792716386683,1.046702857199724,1.1212725458471153,1.2483097442055464
114,0.8641098459437353,0.9727440360232424,1.0468876622854424,1.1220659482515347,1.2497077114611856
115,0.8641210565138193,0.9728194478887071,1.0474635545215776,1.1228033954510204,1.250654217405076
116,0.8640209032996335,0.9728541812121992,1.0479236714978384,1.1242419489278448,1.251276459532932
117,0.8626685209990579,0.9728820481493019,1.047948343469113,1.1252372652090625,1.2550961533112734
118,0.8619625773453412,0.973140517143501,1.0481783620861265,1.1252001277811339,1.253661979525697
119,0.8623266294993704,0.9739425826637862,1.0488825070828902,1.1268739160677796,1.2536287501517445
120,0.8612953605168461,0.973347492006509,1.048977433184349,1.1278096203715242,1.255583190510572
121,0.8597614106852542,0.9724417563859278,1.0490434631716687,1.1294794995570183,1.2579488728678485
122,0.8594643828295618,0.9720115521503565,1.0490328333917056,1.1302529314859968,1.2605073515841079
123,0.8580911925696646,0.9723226254812548,1.050189433598307,1.1311141127342106,1.2613816259332749
124,0.8576439972126283,0.971494527781862,1.0506846691784615,1.1316041854519687,1.2643525723541162
125,0.8566807451592497,0.9713306157116818,1.0516757492122153,1.1319559102781642,1.2647315325254636
126,0.8561683851741434,0.9712089487659404,1.0518520692364546,1.132982051338343,1.2676386544742226
