signal_date,actual_regime,future_21d_log_return,one_step_regime,one_step_prob_bull,one_step_prob_side,one_step_prob_bear,terminal_21d_regime,terminal_21d_prob_bull,terminal_21d_prob_side,terminal_21d_prob_bear,occupancy_regime,occupancy_prob_bull,occupancy_prob_side,occupancy_prob_bear,current_prob_bull,current_prob_side,current_prob_bear,selected_seed,candidate_count,iterations,train_log_likelihood,final_log_likelihood,final_delta,relative_delta,monitor_converged,convergence_status,raw_max_transition,shrunk_max_transition
2018-04-13,SIDE,-0.02735293665332783,BULL,0.5053442714521181,0.25437508973132933,0.24028063881655243,SIDE,0.3314849447247746,0.33885163963775367,0.32966341563747187,BULL,0.3524965280182722,0.3288251938202323,0.3186782781614956,0.999766084341828,0.0001588922276494234,7.50234305226795e-05,37,5,33,-3842.0174915722046,-3842.017532309032,0.0002074235912914446,5.3988191971721555e-08,True,TRUE_CONVERGENCE,0.9725715196138238,0.7488381544156522
2018-05-15,SIDE,0.013639703632051692,BULL,0.5034930424964381,0.23982624226360907,0.25668071523995284,BULL,0.340067166788205,0.329619001364344,0.33031383184745094,BULL,0.35874818416188853,0.318890988981953,0.32236082685615847,0.9997165355781137,7.486931474119048e-09,0.0002834569349549015,37,5,45,-3866.264004114242,-3866.264374198378,0.0006220078225851466,1.608808043927398e-07,True,TRUE_CONVERGENCE,0.9715980241356931,0.7482053823548672
2018-06-13,SIDE,-0.038807583054229156,BEAR,0.25692287013453385,0.24496909960385366,0.4981080302616125,BULL,0.3361522701774289,0.33143187648732664,0.3324158533352445,BEAR,0.32727433970338365,0.3211807431590045,0.35154491713761177,1.332659731775243e-05,0.0001895594049041438,0.9997971139977782,7,5,29,-3775.989129575562,-3775.989248265513,0.0004246898124620202,1.1247112657742822e-07,True,TRUE_CONVERGENCE,0.9800382087405223,0.7536915023480062
2018-07-12,BULL,0.057077004359355143,BEAR,0.25588475069921457,0.2445416995979922,0.49957354970279333,BULL,0.33458404844831374,0.33117136689041976,0.33424458466126655,BEAR,0.32573654228526305,0.3209119768386265,0.35335148087611035,0.0011314047899027035,3.84025367474039e-05,0.9988301926733499,27,5,30,-3773.141420625352,-3773.1414592891247,0.0005401830853770662,1.4316532095866717e-07,True,TRUE_CONVERGENCE,0.9801550674763482,0.753767460526293
2018-08-10,SIDE,-0.02465211469890427,BEAR,0.2542205235962237,0.24477234205455345,0.501007134349223,BEAR,0.3330239099218261,0.330914507717808,0.33606158236036593,BEAR,0.32419068627837616,0.3207105798126641,0.35509873390895974,0.00021874387293520023,0.0008269217692417127,0.9989543343578231,37,5,48,-3802.3050376434494,-3802.3050480573065,0.00016733193569962168,4.4008023086198225e-08,True,TRUE_CONVERGENCE,0.9799030481249893,0.7536036479479098
2018-09-12,BEAR,-0.10292730832793318,BEAR,0.2448697856374993,0.26031761108605583,0.49481260327644483,BULL,0.33659377538654656,0.33122742076278394,0.33217880385066945,BEAR,0.32570995212230863,0.32310712536902586,0.35118292250866545,8.959330905447972e-12,0.016425252770530422,0.9835747472205103,27,5,31,-3754.958736852832,-3754.958754633787,0.00068342843951541,1.8200687671558394e-07,True,TRUE_CONVERGENCE,0.9627349592259109,0.7424443901635087
2018-10-16,SIDE,0.02849270870212095,BEAR,0.25526654364802154,0.246375565133488,0.49835789121849045,SIDE,0.32798264106538616,0.33884880351142665,0.33316855542318713,BEAR,0.32009937314593156,0.32784974151209556,0.35205088534197293,3.3386481853789987e-13,1.7725590456007153e-39,0.9999999999996662,37,5,38,-3723.3879501131946,-3723.388060121753,0.0004350010317466513,1.1682934303429608e-07,True,TRUE_CONVERGENCE,0.9548687835353685,0.7373313759646563
2018-11-16,SIDE,0.028206395249403826,BEAR,0.24711641598022696,0.24161454486105205,0.511269039158721,BULL,0.3345450266985454,0.3322511398225327,0.333203833478922,BEAR,0.32378392259336813,0.3209057080694118,0.35531036933722004,3.0288789560318975e-11,1.5320953667789287e-19,0.9999999999697112,37,5,35,-3541.188748646781,-3541.188862021569,0.000404800115575199,1.143119119240182e-07,True,TRUE_CONVERGENCE,0.9896069544351167,0.7599111870494926
2018-12-18,SIDE,-0.01100043372891868,SIDE,0.24690127594362515,0.5114428682176461,0.2416558558387287,BULL,0.33460032717442806,0.3321714234305286,0.3332282493950434,SIDE,0.3237418974434823,0.354579034611801,0.3216790679447167,1.517615106165208e-11,0.9999999999848239,2.481499092494727e-21,17,5,30,-3581.1597442703455,-3581.159825536771,0.00028054522636011825,7.833920239524041e-08,True,TRUE_CONVERGENCE,0.9901009228463761,0.7602322665168112
2019-01-17,BEAR,-0.06642421766778561,SIDE,0.2393318696664608,0.5012439189965439,0.25942421133699534,SIDE,0.3304614784498549,0.3405717716256935,0.32896674992445146,SIDE,0.31975518573423534,0.35847761738790074,0.321767196877864,8.251188148700829e-06,0.9999897089604486,2.0398514027195675e-06,37,5,65,-3740.6057267352107,-3740.6061114117424,0.0006257141139940359,1.672761019713105e-07,True,TRUE_CONVERGENCE,0.9599164190634772,0.7406123390579269
2019-02-15,BULL,0.07515164110908401,BEAR,0.24566858911077025,0.2544323928390327,0.499899018050197,BULL,0.3398767876028043,0.3281222930519601,0.33200091934523546,BEAR,0.3284732618273995,0.3199959211097308,0.35153081706286965,2.1162428470099665e-06,0.00039287211366985955,0.9996050116434831,17,5,34,-3688.3027776100225,-3688.303494899865,0.0009104593223128177,2.468503741149728e-07,True,TRUE_CONVERGENCE,0.9648227262349881,0.743801438719409
2019-03-19,SIDE,0.015919754908674477,SIDE,0.29835204234199614,0.45481803139547006,0.24682992626253386,SIDE,0.3343392893034417,0.3408035911147709,0.3248571195817875,SIDE,0.3283362104969233,0.3541276127134859,0.3175361767895907,0.17334311596404336,0.8266568588629211,2.517303561435929e-08,37,5,32,-3673.0677169445366,-3673.067767209013,0.00035996412498207064,9.80009388660879e-08,True,TRUE_CONVERGENCE,0.9591886526824914,0.7401392909102862
2019-04-22,BEAR,-0.05688409600464617,SIDE,0.2393127726774716,0.5011755454985013,0.25951168182402706,SIDE,0.3339303273748026,0.341418796905329,0.32465087571986845,SIDE,0.32286679236149235,0.35905037248012606,0.31808283515838154,4.0549568251499293e-13,0.9999999929387194,7.060875072665354e-09,27,5,29,-3715.8238621728524,-3715.8241488354342,0.0006040586163180706,1.6256380655401004e-07,True,TRUE_CONVERGENCE,0.9596956221641372,0.7404688210733559
2019-05-23,SIDE,0.0029065976752669087,SIDE,0.262934081132119,0.4960247199247797,0.24104119894310125,BULL,0.3374755603381809,0.3312423592244861,0.3312820804373329,SIDE,0.32943943949355226,0.3501787437329841,0.3203818167734636,3.6557600520014037e-07,0.9999996339037698,5.202249590740238e-10,17,5,53,-3663.077486144358,-3663.0775148812427,0.00020078340230611502,5.4812760714164645e-08,True,TRUE_CONVERGENCE,0.9861116781193829,0.7576392574442656
2019-06-24,SIDE,-0.009331756843449668,SIDE,0.2625840538551998,0.49635063413470654,0.24106531201009374,BULL,0.3380295163543745,0.3306897566931827,0.33128072695244276,SIDE,0.3298281728982765,0.3498133790312523,0.3203584480704711,1.36266210002087e-05,0.9999863643246745,9.054325291592643e-09,7,5,39,-3649.09225501874,-3649.0922831947164,0.00027751717971113976,7.605101133882977e-08,True,TRUE_CONVERGENCE,0.9861946618507282,0.7576931968696401
2019-07-23,BEAR,-0.05943114735911337,BULL,0.39099214535344107,0.3809175632129252,0.22809029143363374,BULL,0.33747512391204987,0.3312267715966515,0.3312981044912987,BULL,0.3432932439431374,0.33670037967597605,0.32000637638088636,0.5200477051009593,0.4799518300582532,4.6484078744301694e-07,17,5,50,-3720.698020230543,-3720.6983920652774,0.0006236507833818905,1.6761656364774964e-07,True,TRUE_CONVERGENCE,0.9863557735029077,0.7577979194435567
2019-08-23,BULL,0.10581373057307175,SIDE,0.26221994822248956,0.49690851632639643,0.240871535451114,BULL,0.3359895232115984,0.33289689536153105,0.3311135814268705,SIDE,0.32807862537538546,0.35168597714495414,0.32023539747966034,2.2977662253268052e-06,0.9999976693256872,3.290808751027062e-08,17,5,54,-3796.3604763027724,-3796.360512847807,0.0001977674446607125,5.2093955168096136e-08,True,TRUE_CONVERGENCE,0.9860920919608132,0.7576265264411952
2019-09-25,SIDE,0.006444241811545126,BEAR,0.24847449242906922,0.24135481823161892,0.5101706893393119,BULL,0.3358986986141086,0.33171031137320994,0.33239099001268146,BEAR,0.32514931991932544,0.3204376000756721,0.35441308000500243,5.3208781525032973e-36,3.909640112440573e-55,1.0,37,5,74,-3722.3506648184284,-3722.350700264253,0.00020804311452593538,5.589024776294856e-08,True,TRUE_CONVERGENCE,0.986469082123051,0.7578715700466498
2019-10-29,SIDE,0.01221037967044758,SIDE,0.2472028220825979,0.5111992102496965,0.24159796766770564,BULL,0.33491006850936716,0.33331039719440175,0.33177953429623097,SIDE,0.32409726145294415,0.3553738963698728,0.32052884217718314,7.473971108803578e-08,0.9999999252602889,1.6288337804372592e-18,7,5,57,-3652.78737808591,-3652.7874840585423,0.00040783308577374555,1.1164981319584522e-07,True,TRUE_CONVERGENCE,0.9894083927589498,0.7597821219599841
2019-11-28,SIDE,0.00028448253346269325,SIDE,0.24638751358274008,0.5118564870183542,0.24175599939890563,BULL,0.3344974654344704,0.33394242202932545,0.33156011253620415,SIDE,0.32360998195881274,0.3560258899634361,0.32036412807775105,6.257778608755716e-05,0.9999374222139125,5.867200870357511e-18,7,5,42,-3597.888169711604,-3597.8883631423582,0.00047198043239404797,1.3118260569547029e-07,True,TRUE_CONVERGENCE,0.9913354932135188,0.7610347372554539
2019-12-30,SIDE,0.016851744291821902,BULL,0.4998820526209293,0.2472233856080135,0.25289456177105724,SIDE,0.3424059283534325,0.345035805943698,0.31255826570286943,BULL,0.3596903464354069,0.334469512072881,0.305840141491712,0.999962629599785,3.732427675150331e-05,4.612346339260295e-08,27,5,23,-3773.7272894323896,-3773.7275434808994,0.0005068636346550193,1.3431376821356895e-07,True,TRUE_CONVERGENCE,0.9567337340202294,0.7385435937798159
2020-01-28,SIDE,-0.03861849299804199,BULL,0.5015241233536464,0.2590866868837123,0.2393891897626414,BULL,0.34003376837115873,0.33359469331747804,0.3263715383113632,BULL,0.3582063991993977,0.3256423236959602,0.3161512771046421,0.9999734762980739,2.652370192623891e-05,6.584500785199653e-37,37,5,81,-3470.734797940061,-3470.7353098414956,0.000882166757946834,2.541728063279827e-07,True,TRUE_CONVERGENCE,0.9610655600405987,0.7413592806930559
2020-02-26,BEAR,-0.3088585428558801,SIDE,0.26012795994113813,0.4913892859033132,0.24848275415554863,BULL,0.33629213227360444,0.328671299735289,0.3350365679911064,SIDE,0.3280039313483099,0.34701762786467116,0.3249784407870189,1.7752369768777898e-07,0.9999827536945739,1.7068781728406965e-05,37,5,71,-3600.771393921397,-3600.771875224356,0.0008153720677910314,2.2644363803369523e-07,True,TRUE_CONVERGENCE,0.964049974450369,0.7432991500594066
2020-03-27,BULL,0.16386151275231065,BEAR,0.24250907824620765,0.24250907824620765,0.5149818435075847,BULL,0.3375916862788707,0.3273309133868289,0.33507740033430045,BEAR,0.3254414502472043,0.3168564981632749,0.35770205158952084,0.0,6.124554692571852e-265,1.0,47,5,18,-3885.9789468978524,-3885.9789571698716,0.00015448232443304732,3.975377118467482e-08,True,TRUE_CONVERGENCE,1.0,0.7666666666666667
2020-05-04,SIDE,0.020420501067698993,SIDE,0.24250907824620765,0.5149818435075847,0.24250907824620768,SIDE,0.3332660221330031,0.3511082148126771,0.3156257630543198,SIDE,0.32233497134996425,0.3701180514575088,0.3075469771925269,9.593159084213351e-124,1.0,6.839188452535193e-75,47,5,4,-4403.1438408591175,-4403.143840857805,9.504401532467455e-08,2.1585489540606704e-11,True,TRUE_CONVERGENCE,1.0,0.7666666666666667
2020-06-03,SIDE,0.04589981226206241,BULL,0.5149818435075847,0.24250907824620765,0.24250907824620765,SIDE,0.3361447476246531,0.33901700591216505,0.3248382464631819,BULL,0.3585148764781824,0.32666748883224517,0.3148176346895724,1.0,3.331348693497243e-284,5.2834138751859416e-254,17,5,61,-4158.15722113715,-4158.157159540615,0.0002704369035200216,6.50376778835629e-08,True,TRUE_CONVERGENCE,1.0,0.7666666666666667
2020-07-02,SIDE,0.030963361995528516,BULL,0.5149818435075847,0.24250907824620765,0.24250907824620765,SIDE,0.3387711378594102,0.3455065616459637,0.3157223004946261,BULL,0.3605578291588849,0.33228034709858334,0.3071618237425317,1.0,4.9705287442003364e-36,5.157190903842421e-47,47,5,21,-4199.260922766902,-4199.261172665382,0.0004886881351922057,1.1637477599685711e-07,True,TRUE_CONVERGENCE,1.0,0.7666666666666667
2020-07-31,BULL,0.05326431172570523,SIDE,0.2415778179650547,0.5111143002692821,0.24730788176566318,SIDE,0.3313972945533022,0.34565114548272,0.3229515599639778,SIDE,0.32061332204711507,0.36485339199711053,0.31453328595577434,3.50816006591929e-17,0.9999999997268232,2.7317676737828617e-10,7,5,33,-4212.541622681526,-4212.5417875460935,0.00042355480309197446,1.0054612674878897e-07,True,TRUE_CONVERGENCE,0.9891666264431245,0.7596249738546976
2020-08-31,SIDE,-0.03737415676406819,BULL,0.503570671150221,0.2565877019884188,0.2398416268613602,BULL,0.3362209847852064,0.33421706990617084,0.3295619453086228,BULL,0.3557432390018907,0.32555007352387433,0.318706687474235,0.999999539052615,4.6094737956845813e-07,5.468465408408411e-15,37,5,36,-3944.1439573289194,-3944.144171383918,0.0005275887697280268,1.3376506441699395e-07,True,TRUE_CONVERGENCE,0.9740275210311784,0.7497845553369327
2020-09-29,SIDE,0.009047198658420186,SIDE,0.2549255476406405,0.5019880859077288,0.24308636645163065,BULL,0.3392371859067086,0.32925119020550964,0.33151162388778177,SIDE,0.32930511740513246,0.34999634428135007,0.3206985383135175,1.2204922463004015e-12,0.9999999952179729,4.7808066810951746e-09,37,5,44,-3960.404563769044,-3960.4046751976684,0.0006621692346016061,1.6719733921019633e-07,True,TRUE_CONVERGENCE,0.9856655486464153,0.7573492732868367
2020-10-29,BULL,0.10283292631690522,BULL,0.5034644953546822,0.25671723422738624,0.23981827041793163,BULL,0.3365257231201627,0.3340324082414325,0.32944186863840486,BULL,0.3559606349250738,0.32542498992138896,0.3186143751535372,0.999936372756333,6.362723917539796e-05,4.491612033627328e-12,37,5,28,-4062.488844545268,-4062.489131212294,0.0007539734333477099,1.8559392260818887e-07,True,TRUE_CONVERGENCE,0.9740638587637241,0.7498081748630875
2020-11-27,BULL,0.06866209006391166,BULL,0.5040979358595765,0.25594237993790875,0.23995968420251482,BULL,0.3366424543582413,0.33370533066360536,0.3296522149781534,BULL,0.3561969286872957,0.32500291349985494,0.31880015781284937,0.999966898742706,3.3101170415638734e-05,8.687845492585451e-11,37,5,27,-4035.5754488338766,-4035.575623331272,0.0007962969043546764,1.9731924799680647e-07,True,TRUE_CONVERGENCE,0.9740947211286448,0.7498282354002859
2020-12-30,SIDE,0.005611862682055602,SIDE,0.2566485300484312,0.49904357261539173,0.244307897336177,BULL,0.3359711570417408,0.3343029919326716,0.32972585102558755,SIDE,0.3270843693614478,0.3532326281788287,0.3196830024597235,0.00031034821010021983,0.9996894221918532,2.2959804650348218e-07,37,5,21,-4049.922574465884,-4049.922634956946,0.0002984499801641505,7.369275541080105e-08,True,TRUE_CONVERGENCE,0.9741665007327722,0.7498748921429687
2021-01-29,BULL,0.05134196536800317,SIDE,0.253035904910367,0.5022074368199657,0.2447566582696673,SIDE,0.3350255460107647,0.33535101270695616,0.3296234412822791,SIDE,0.32561874655756207,0.354759692006594,0.3196215614358439,3.2504877306340285e-05,0.9999674221557451,7.296694854362304e-08,37,5,21,-3995.723349738342,-3995.72350603271,0.000970605241946032,2.429109533504949e-07,True,TRUE_CONVERGENCE,0.9742039266514854,0.7498992189901322
2021-03-01,SIDE,-0.0014648568609594292,SIDE,0.24123287375073102,0.5096513395449125,0.2491157867043564,SIDE,0.33398140685011424,0.3583231777088465,0.3076954154410394,SIDE,0.3231666174028323,0.374807518776407,0.3020258638207607,2.3245811060223714e-18,0.9999933600422999,6.639957700122184e-06,7,5,13,-4345.442613016973,-4345.442673568757,0.0007874895009081229,1.8122189552463844e-07,True,TRUE_CONVERGENCE,0.9849810585385423,0.7569043547167192
2021-04-01,SIDE,0.02157029520568976,SIDE,0.25002126243341083,0.5049824333619467,0.24499630420464247,SIDE,0.33402033314039536,0.3365555161710771,0.32942415068852754,SIDE,0.3242038686965884,0.3563378599035837,0.3194582713998279,2.3986922334993014e-08,0.9999996908356276,2.8517745005171954e-07,37,5,22,-3935.997985811035,-3935.9980121445547,0.0002185856387768581,5.553499416495084e-08,True,TRUE_CONVERGENCE,0.9740745585861567,0.7498151297476686
2021-05-05,BULL,0.1036771820858231,SIDE,0.24494588567762143,0.5100311254850481,0.24502298883733054,SIDE,0.3372603535662598,0.3417293886379535,0.3210102577957867,SIDE,0.3260419730826102,0.3615545335352575,0.31240349338213225,3.4273387702405434e-07,0.999999653869121,3.397001898692652e-09,37,5,33,-4312.937931834489,-4312.938065549937,0.0008694534308233415,2.0159187132628914e-07,True,TRUE_CONVERGENCE,0.9861869737690646,0.7576881996165588
2021-06-04,SIDE,-0.005241359892618647,SIDE,0.24084749924351215,0.5079972704129012,0.2511552303435866,SIDE,0.3332749030660966,0.36079348331571764,0.3059316136181857,SIDE,0.3226051017137496,0.37654107681879173,0.30085382146745865,1.1186949978068292e-14,0.9999999999843672,1.5621672138309797e-11,17,5,24,-4305.223879224743,-4305.224355675443,0.0007514754543080926,1.7454963111218183e-07,True,TRUE_CONVERGENCE,0.9801750878735115,0.7537804737844492
2021-07-05,SIDE,0.03866899798005896,SIDE,0.24074797503590922,0.5075664028605946,0.2516856221034962,SIDE,0.33299157080375924,0.36095318427613643,0.30605524492010433,SIDE,0.32236163170823623,0.3765907118931576,0.30104765639860614,3.734841407198568e-19,0.9999999999901126,9.887524861146026e-12,17,5,19,-4340.830831937064,-4340.831142033704,0.0009170056400762405,2.1125112135279892e-07,True,TRUE_CONVERGENCE,0.9789140077823324,0.7529607717251827
2021-08-04,BULL,0.05495092022236037,SIDE,0.2407523020420561,0.5075851660467611,0.2516625319111828,SIDE,0.3313741133665578,0.35411348172831897,0.31451240490512317,SIDE,0.3208043393873647,0.3709056046046435,0.3082900560079918,2.7483283198358685e-20,0.9999999706775387,2.9322461301978586e-08,17,5,33,-4376.592281636732,-4376.59268720481,0.0006500831896119053,1.4853634768240446e-07,True,TRUE_CONVERGENCE,0.9789690420247887,0.7529965439827794
2021-09-03,SIDE,0.019746720027718823,BULL,0.4992472250960734,0.26185290933845096,0.23889986556547563,BULL,0.340873466040414,0.33309038585501555,0.32603614810457043,BULL,0.35858599636778765,0.3255415453325664,0.3158724582996459,0.9983516164854264,0.0016483835145736203,9.119441645989573e-19,37,5,24,-4329.121886007074,-4329.1297820262735,0.0008966146060629399,2.071119290731205e-07,True,TRUE_CONVERGENCE,0.9629629384469695,0.7425925766571969
2021-10-05,SIDE,-0.006673119266748628,SIDE,0.2408816413151652,0.5081442660790082,0.25097409260582665,SIDE,0.33174944094035064,0.3558046252632577,0.3124459337963917,SIDE,0.3211717982552384,0.37241033724838213,0.3064178644963795,3.798681547097098e-53,0.999986041900965,1.395809903503718e-05,17,5,33,-4350.758308238469,-4350.7584618424935,0.00045190032051323215,1.038670102095998e-07,True,TRUE_CONVERGENCE,0.9806164730769199,0.7540673741666647
2021-11-04,SIDE,-0.03165322095800782,SIDE,0.32022292811128994,0.4469928164676451,0.2327842554210649,BULL,0.34153362819125405,0.3322973017917555,0.3261690700169905,SIDE,0.33913616251136497,0.34483676143338116,0.31602707605525393,0.17324205889655184,0.8267579411023793,1.0687657872807936e-12,37,5,25,-4314.1309081254285,-4314.131005508448,0.0004020504911750322,9.319384441340513e-08,True,TRUE_CONVERGENCE,0.9629630101469424,0.7425926232621793
2021-12-07,SIDE,0.024251706287328645,SIDE,0.24670528633058872,0.5093559822257876,0.24393873144362366,BULL,0.33511004695186736,0.33365043867238886,0.3312395143757437,SIDE,0.3242791981485597,0.3551716107160948,0.3205491911353456,8.3372789804068e-12,0.9999999974848061,2.5068566587140532e-09,37,5,19,-3884.1645097149726,-3884.1645115585698,3.385912441444816e-05,8.717221945294037e-09,True,TRUE_CONVERGENCE,0.9861408905061709,0.7576582454956778
2022-01-05,SIDE,-0.012441862187456465,SIDE,0.24628827065983774,0.5099112782816613,0.24380045105850093,BULL,0.3344930059639849,0.33439076168545323,0.3311162323505618,SIDE,0.32369704770842617,0.35587396679460825,0.3204289854969656,2.1712958013865946e-08,0.99999997532561,2.9614320363845e-09,37,5,18,-3881.2791310277985,-3881.2791433496204,0.00044965498682358884,1.1585225337386692e-07,True,TRUE_CONVERGENCE,0.9861258537266727,0.757648471589004
2022-02-04,BEAR,-0.10040902975366528,SIDE,0.24230274899726043,0.5141347801512257,0.24356247085151395,SIDE,0.33605447715148923,0.33814396328446533,0.32580155956404533,SIDE,0.324287640877249,0.3597617580874342,0.3159506010353168,4.764573357460149e-19,0.999999999975125,2.4874976292003245e-11,27,5,18,-4418.54446144527,-4418.545012663449,0.0007485462119802833,1.6941008477308482e-07,True,TRUE_CONVERGENCE,0.9976580299510205,0.76514438613483
2022-03-08,BULL,0.12113719787803312,BEAR,0.24034863841839404,0.2853752546808623,0.4742761069007437,SIDE,0.3310593262269399,0.3547561045086575,0.3141845692644026,SIDE,0.32022730975224906,0.34788788073415733,0.3318848095135937,3.644295652604831e-18,3.4854334944230183e-12,0.9999999999965146,27,5,24,-4351.396996866318,-4351.397158484481,0.0005518747566384263,1.2682700901473454e-07,True,TRUE_CONVERGENCE,0.9770509198936873,0.7517497645975635
2022-04-07,BEAR,-0.1035303403386969,SIDE,0.25999439217343023,0.5005141376534437,0.23949147017312603,BULL,0.3346703335035171,0.3315935667890693,0.3337360997074137,SIDE,0.32497870342654805,0.35294693823151324,0.32207435834193876,0.030759114715744967,0.9692408852646989,1.955614706089426e-11,17,5,16,-3852.8476069841454,-3852.8476402990273,0.00018767211622616742,4.870997366251887e-08,True,TRUE_CONVERGENCE,0.9881051780238512,0.75893503238217
2022-05-11,SIDE,-0.02571409812124692,BEAR,0.243294384290381,0.24765612070181625,0.5090494950078028,BEAR,0.32721320320657954,0.33498159819452555,0.33780519859889496,BEAR,0.31722712692371957,0.3245019987908859,0.3582708742853946,1.1444273798802268e-06,1.4366921547629355e-27,0.9999988555726201,37,5,11,-3701.0476547964654,-3701.047657333371,0.00014578721038560616,3.939079367272262e-08,True,TRUE_CONVERGENCE,0.9833650417238905,0.7558539437871955
2022-06-09,SIDE,0.014649012459056365,BEAR,0.24725008583517993,0.2423720076057521,0.510377906559068,BULL,0.33442787297787674,0.3337801507310981,0.33179197629102514,BEAR,0.32370990460911436,0.3221677115526185,0.35412238383826705,1.7154031000611551e-15,0.0018163250421306492,0.9981836749578676,27,5,28,-3660.1488284491143,-3660.1492842070966,0.0006797669275329099,1.857210590341085e-07,True,TRUE_CONVERGENCE,0.9889009498367567,0.7594522840605585
2022-07-08,BULL,0.0856033996037251,SIDE,0.24806719825786985,0.49219941131680933,0.25973339042532073,SIDE,0.3333032835313322,0.34460544829386386,0.3220912681748039,SIDE,0.3237573931383457,0.36024655490494395,0.3159960519567104,1.924313196395004e-09,0.9990442037069195,0.000955794368767418,17,5,62,-3449.3054049008983,-3449.305580695795,0.000432287327839731,1.2532588474684753e-07,True,TRUE_CONVERGENCE,0.9761014280280067,0.751132594884871
2022-08-08,BULL,0.057185268813066514,BULL,0.5063430621094643,0.24046729987888413,0.2531896380116516,BULL,0.3351991757670627,0.3343675111181612,0.3304333131147761,BULL,0.355527398013184,0.32308850305661435,0.3213840989302016,0.9999999624521793,4.5945501884866576e-15,3.7547816190736845e-08,37,5,45,-3431.62171053558,-3431.622098768377,0.000769337932979397,2.2419070001242435e-07,True,TRUE_CONVERGENCE,0.9753095632633485,0.7506178827878432
2022-09-09,SIDE,-0.04270004530640392,BULL,0.5080316541201606,0.24085556489522597,0.2511127809846134,BULL,0.3363931632364032,0.33423061212705274,0.329376224636544,BULL,0.3568693312815882,0.3229812199092147,0.32014944880919716,0.9999983972642964,8.883988852629208e-10,1.6018473047769072e-06,37,5,59,-3492.242401340976,-3492.2426652497543,0.00051540124195526,1.4758457967958093e-07,True,TRUE_CONVERGENCE,0.9802771146757352,0.7538467912058946
2022-10-11,SIDE,0.011417706266831473,SIDE,0.23205850485409124,0.4143135628637919,0.35362793228211686,SIDE,0.33765283170959554,0.3666483750494625,0.2956987932409418,SIDE,0.3267217259975245,0.3728538531586274,0.3004244208438481,1.903778469711738e-11,0.3298770057221465,0.6701229942588157,37,5,18,-3605.25555486087,-3605.255682640543,0.0003622014933171158,1.0046484599486626e-07,True,TRUE_CONVERGENCE,0.9729828016251862,0.7491054877230378
2022-11-11,SIDE,0.02357556401051042,BULL,0.506573092968443,0.24052332828570958,0.2529035787458474,SIDE,0.33650964693722535,0.36582590233263,0.29766445073014475,BULL,0.3567351654356131,0.3520442732233538,0.29122056134103297,0.9999879706233187,1.709645160690689e-11,1.2029359584963225e-05,27,5,16,-3584.1611493014198,-3584.1613273565595,0.0004898933357253554,1.3668281754679466e-07,True,TRUE_CONVERGENCE,0.9760021172730442,0.7510680428941454
2022-12-12,SIDE,-0.037661605347786065,BULL,0.5065927890318462,0.24052436676191058,0.2528828442062433,BULL,0.3361148723549572,0.33052057053906836,0.33336455710597446,BULL,0.356314184345723,0.31973636489709806,0.323949450757179,0.999999975175591,9.512206925013172e-21,2.482440899682031e-08,37,5,45,-3472.5774602498655,-3472.5776381183678,0.0005743710648857814,1.6540190882382588e-07,True,TRUE_CONVERGENCE,0.976048227043416,0.7510980142448871
2023-01-10,BEAR,-0.07937910225738953,SIDE,0.2506608321385122,0.473841422382438,0.27549774547904976,BULL,0.3347507067629392,0.3322583711837544,0.33299092205330644,SIDE,0.3255678324198474,0.3471244665027621,0.3273077010773905,2.7562635914335257e-08,0.9780689549962541,0.02193101744110984,17,5,91,-3523.6504254444,-3523.650658433151,0.0006097983873587509,1.7305866583806363e-07,True,TRUE_CONVERGENCE,0.9707718511694601,0.7476683699268157
2023-02-09,SIDE,-0.022787905790080387,SIDE,0.2540938563086889,0.4775184330838233,0.26838771060748784,BULL,0.3361508159668563,0.3340674493401303,0.3297817346930134,SIDE,0.3272228700042029,0.3488332754861774,0.32394385450961966,4.114722374913954e-07,0.9985939936632213,0.0014055948645411156,17,5,26,-3506.979896262824,-3506.9800809588014,0.00044862980757898185,1.2792480705092737e-07,True,TRUE_CONVERGENCE,0.9710713358707103,0.7478630349826284
2023-03-13,SIDE,0.010800582140143788,SIDE,0.2489039665490301,0.4976549411524065,0.2534410922985634,BEAR,0.33188858014250294,0.3294235123049843,0.3386879075525128,SIDE,0.3221619998225211,0.3491303634352288,0.3287076367422502,0.0008197400589327946,0.999178746553699,1.5133873681772869e-06,37,5,34,-3697.5726967995306,-3697.5727937449146,0.0003082698972320941,8.337087292854803e-08,True,TRUE_CONVERGENCE,0.9599879096717308,0.7406588079532918
2023-04-17,BULL,0.06426695160405593,BULL,0.506137740209708,0.2404204652391598,0.2534417945511322,BULL,0.3401449501248909,0.3293185627083554,0.33053648716675366,BULL,0.3592899244832131,0.31886845539596176,0.3218416201208251,0.999999982710087,5.630437386125094e-18,1.7289912979629903e-08,27,5,22,-3542.485081104497,-3542.48544228899,0.0006497938979919127,1.8342877885791532e-07,True,TRUE_CONVERGENCE,0.974701111101293,0.7502223888825071
2023-05-17,BULL,0.055140442425782865,SIDE,0.2579869782052805,0.4969246473862306,0.24508837440848888,BULL,0.3364494708518629,0.32749041545280566,0.33606011369533134,SIDE,0.3275410647708622,0.3474304247931852,0.3250285104359526,2.418286706305324e-05,0.9999758165943993,5.385375740565261e-10,37,5,28,-3609.3374926643774,-3609.3376283877656,0.0009715470855553576,2.691759331122035e-07,True,TRUE_CONVERGENCE,0.9711380757295864,0.747906415890898
2023-06-15,SIDE,0.01971708079553025,BULL,0.4993532669959086,0.24883485470412,0.25181187829997137,BEAR,0.3322477100583116,0.33092632967722574,0.3368259602644626,BULL,0.35169461014545206,0.3214052712808078,0.32690011857374013,0.9996564745858508,0.0003434274878481852,9.792630085855329e-08,37,5,57,-3551.373003996592,-3551.3730601114667,0.00030532758364643087,8.597450964119728e-08,True,TRUE_CONVERGENCE,0.9671577993328592,0.7453192362330252
2023-07-17,SIDE,-0.005309819187623077,BULL,0.5069659606899702,0.24060997895065592,0.25242406035937387,BULL,0.3410596232679132,0.3286618692820676,0.3302785074500192,BULL,0.36020452293211835,0.3183056577871028,0.3214898192807788,0.9999968944198653,5.2013790576363017e-14,3.1055800827136214e-06,27,5,27,-3496.601603498827,-3496.6016594131374,0.0002623875093377137,7.504071530184136e-08,True,TRUE_CONVERGENCE,0.9771523208201024,0.7518156751997332
2023-08-16,SIDE,0.03673450876854645,SIDE,0.25392782795615126,0.4964823288725669,0.2495898431712818,BEAR,0.3311131770641749,0.3317957716195801,0.337091051316245,SIDE,0.32246309898622505,0.350697103876283,0.326839797137492,2.2468390870825535e-07,0.9999550412272105,4.473408888080458e-05,37,5,67,-3530.788414879729,-3530.788990405669,0.0008011428071768023,2.2690187025420455e-07,True,TRUE_CONVERGENCE,0.9595990099560154,0.7404060231380767
2023-09-14,SIDE,-0.005138526122134834,SIDE,0.2752328531829165,0.47111802367797123,0.2536491231391123,BEAR,0.3324008494392579,0.33092306915305114,0.3366760814076909,SIDE,0.32725854943257315,0.34511035052437045,0.3276311000430564,0.0016151149566493578,0.9971166884570714,0.0012681965862793316,37,5,41,-3546.925527789793,-3546.9257250768246,0.0005709469405701384,1.6096949666255848e-07,True,TRUE_CONVERGENCE,0.9660020903212896,0.7445680253755049
2023-10-17,SIDE,0.021865493803467473,BULL,0.5027220426301163,0.2398337186605517,0.257444238709332,SIDE,0.34164343018424176,0.3673879709992295,0.29096859881652876,BULL,0.3597760072397057,0.3543133595965988,0.2859106331636954,0.9995539405243343,0.00044554851810056894,5.10957565096248e-07,37,5,18,-3628.9673386088834,-3628.967574206256,0.0005468608233059058,1.5069320122467877e-07,True,TRUE_CONVERGENCE,0.9648721886506751,0.7438335892896055
2023-11-16,BULL,0.11257323549824072,BULL,0.4778109595130364,0.28362207787390087,0.23856696261306257,BEAR,0.33214683824384045,0.3316959341046954,0.3361572276514641,BULL,0.3474690900785436,0.3275927321134638,0.3249381778079926,0.9840254712245442,0.015914074627401107,6.0454148054717765e-05,37,5,37,-3666.638407003298,-3666.6387572018784,0.0006723018559569027,1.833564136542044e-07,True,TRUE_CONVERGENCE,0.9653797721005002,0.7441635185319918
2023-12-18,BULL,0.053575350838857005,BULL,0.5075813579020245,0.2407514241570778,0.2516672179408977,BULL,0.3453618421934031,0.3259202851268926,0.32871787267970437,BULL,0.3637266773652718,0.3161034117910033,0.3201699108437249,0.9999999833127816,4.8083327076887455e-25,1.6687218370161093e-08,47,5,36,-3518.9259085747904,-3518.926050405594,0.0005899615043745143,1.676538230740067e-07,True,TRUE_CONVERGENCE,0.9789578687420875,0.7529892813490235
2024-01-17,BULL,0.05964451677366256,BULL,0.49979869166811913,0.24941126774073602,0.2507900405911448,BEAR,0.33285519630046834,0.3327516248706111,0.3343931788289206,BULL,0.3523292315184305,0.3229907677873376,0.32468000069423186,0.9984002031553354,0.0015103844778548076,8.94123668098411e-05,37,5,29,-3621.990664179728,-3621.990942732924,0.0009830044441514474,2.713988502200558e-07,True,TRUE_CONVERGENCE,0.9666148449788309,0.7449663159029067
2024-02-16,SIDE,-0.00218676723581801,BULL,0.4958844865451212,0.25444576897915233,0.24966974447572643,SIDE,0.33184307968905846,0.3365925982221751,0.3315643220887665,BULL,0.35059000372682386,0.327243518275151,0.32216647799802506,0.9993896820639305,1.5988547021558103e-11,0.0006103179200809086,27,5,50,-3644.956083673922,-3644.956391358152,0.0007398957050099852,2.0299160686026034e-07,True,TRUE_CONVERGENCE,0.9654823031735702,0.7442301637294874
2024-03-18,BULL,0.0638683938986997,BEAR,0.25984704841961465,0.24841534919399672,0.4917376023863886,BULL,0.33438655546520996,0.331413238365392,0.33420020616939805,BEAR,0.3264596494115194,0.3220255395424705,0.3515148110460102,2.4271803726247555e-16,2.5190134916628583e-24,0.9999999999999998,37,5,32,-3841.8269079071306,-3841.8271089018986,0.0005806647259305464,1.5114283430968972e-07,True,TRUE_CONVERGENCE,0.9569229411937172,0.7386665784425829
2024-04-22,BULL,0.09773186363032593,BULL,0.49481643745573073,0.2557290665267564,0.24945449601751285,SIDE,0.3318440289037253,0.336811347400026,0.33134462369624873,BULL,0.3503386651348258,0.3276703212689549,0.32199101359621934,0.9994980241370734,7.1083492362907e-05,0.00043089237056355824,27,5,19,-3781.259024818742,-3781.259274440926,0.0006367880237121426,1.6840630865419132e-07,True,TRUE_CONVERGENCE,0.9614308085801471,0.7415966922437623
2024-05-22,SIDE,0.048488145905238866,BULL,0.49747436695180897,0.2451035035078264,0.2574221295403647,BULL,0.3350611597205906,0.33124562855299666,0.3336932117264127,BULL,0.3534883630359562,0.3212183689275906,0.32529326803645314,0.9999525657261145,1.9680823131404513e-10,4.743407707728106e-05,37,5,45,-3745.397392445105,-3745.397698110137,0.0006599854455089371,1.7621234977112528e-07,True,TRUE_CONVERGENCE,0.9563296702472794,0.7382809523273984
2024-06-21,SIDE,0.008808370331079729,BULL,0.5149818435075847,0.24250907824620765,0.24250907824620765,SIDE,0.3347495463714157,0.33941432389437354,0.3258361297342108,BULL,0.3574578512779834,0.32702037812637125,0.31552177059564535,1.0,0.0,0.0,27,5,15,-3981.079556757854,-3981.07960770012,0.0002123945923813153,5.3351000728305496e-08,True,TRUE_CONVERGENCE,1.0,0.7666666666666667
2024-07-23,SIDE,0.026121286899106977,SIDE,0.23959773600003995,0.5024722230499944,0.2579300409499657,SIDE,0.3234996854547755,0.35096964696062005,0.32553066758460447,SIDE,0.31404866828279276,0.3671627311877581,0.318788600529449,0.0,0.9999999999996836,3.164668499744125e-13,27,5,12,-4134.435703055241,-4134.435801230257,0.00030193386282917345,7.302903111698856e-08,True,TRUE_CONVERGENCE,0.9636722544801125,0.7430536320787399
2024-08-22,SIDE,0.0032443253654257376,SIDE,0.24250907824620765,0.5149818435075847,0.24250907824620765,BULL,0.33956334408478833,0.334942612371408,0.3254940435438036,SIDE,0.32716395865238446,0.3576043841907189,0.3152316571568967,7.85449195715323e-219,1.0,8.343319269916231e-235,37,5,29,-4043.4676708220422,-4043.4681843399003,0.0007285734218385187,1.80185241318841e-07,True,TRUE_CONVERGENCE,1.0,0.7666666666666667
2024-09-20,SIDE,-0.015357950795703346,BULL,0.5012853180693452,0.23933677316359175,0.25937790876706307,BULL,0.3364653517646314,0.33058187922527726,0.3329527690100913,BULL,0.35547791219846714,0.31952333858885934,0.3249987492126736,0.9999999827142408,1.5283768537826913e-77,1.7285759138600355e-08,7,5,30,-3993.8816088557437,-3993.8817998219156,0.0004399928861857916,1.1016671493203422e-07,True,TRUE_CONVERGENCE,0.9833333333332199,0.7558333333332596
2024-10-22,BEAR,-0.09317499417124075,BEAR,0.26460921510047475,0.24067063847784084,0.4947201464216843,BULL,0.33652940864349334,0.33058502319859023,0.3328855681579163,BEAR,0.3290520802193604,0.3198233048635801,0.35112461491705954,6.226774554427476e-12,6.476680095450308e-47,0.9999999999937732,17,5,22,-4008.073458169246,-4008.073671235976,0.0004948160217281838,1.2345480677958205e-07,True,TRUE_CONVERGENCE,0.983333333332894,0.7558333333330478
2024-11-22,SIDE,0.02860204082074347,BEAR,0.26198050137679874,0.24110699715470718,0.49691250146849414,BULL,0.3351652701823327,0.330578391088286,0.3342563387293813,BEAR,0.32743249549446674,0.31987272471998823,0.352694779785545,8.604606486479999e-10,7.599345136679448e-52,0.9999999991395394,17,5,29,-3975.5646706928046,-3975.5648179852,0.00039923972508404404,1.004233871838547e-07,True,TRUE_CONVERGENCE,0.9833333333329175,0.7558333333330631
2024-12-23,BEAR,-0.0802269120991177,BEAR,0.2640642903162164,0.24078514830783443,0.49515056137594926,BULL,0.3357477243814928,0.33060013758035417,0.333652138038153,BEAR,0.3283037630214903,0.3198659390205275,0.3518302979579822,1.9187914621095602e-06,5.992951580645944e-38,0.9999980812085378,37,5,41,-4002.7443699605365,-4002.7445265240626,0.000416046183090657,1.0394021829017791e-07,True,TRUE_CONVERGENCE,0.9833333333328275,0.7558333333330046
2025-01-22,BEAR,-0.06443532932211049,BEAR,0.27307179716638,0.23971882663335214,0.4872093762002678,BULL,0.3408833706896318,0.33086394895467486,0.3282526803556933,BEAR,0.3342206062199624,0.31997027908461856,0.3458091146954191,1.0789206698556958e-16,6.933639713890959e-24,1.0,27,5,15,-4020.8112565590664,-4020.8113130312977,0.0002482294612491387,6.173615884931057e-08,True,TRUE_CONVERGENCE,0.9833333333283596,0.7558333333301005
2025-02-19,BULL,0.05571847889250492,BEAR,0.2718226714540386,0.24002595010827238,0.4881513784376891,BULL,0.341099195657754,0.33085390003515924,0.3280469043070868,BEAR,0.3341753372813626,0.3199830731314441,0.34584158958719324,1.667333595542251e-07,6.481989877532003e-22,0.9999998332666404,47,5,12,-3905.9616462937356,-3905.961658790968,0.00011484109973025625,2.940149094789221e-08,True,TRUE_CONVERGENCE,0.983050817516808,0.755649698052592
2025-03-24,SIDE,0.022947321218586225,BEAR,0.2674627412950819,0.2405955857472537,0.4919416729576644,BULL,0.3386025274968006,0.3307503082541956,0.33064716424900387,BEAR,0.33130071976109154,0.3199624275653707,0.34873685267353777,4.433646623846265e-06,2.0807299366507517e-09,0.9999955642726461,7,5,19,-3840.060689506247,-3840.06076458336,0.00040498425187251996,1.0546296894487253e-07,True,TRUE_CONVERGENCE,0.9830484996513369,0.7556481914400357
2025-04-28,SIDE,0.04374425856287978,BEAR,0.261645970828298,0.2412353417689518,0.4971186874027501,BULL,0.3355658220035807,0.33054519473689625,0.3338889832595231,BEAR,0.32770109589704227,0.3198517316014253,0.3524471725015324,1.3655633100811884e-14,2.887360654696613e-14,0.9999999999999574,47,5,20,-3743.537603612066,-3743.5378366304667,0.0007177596198744141,1.917329311414971e-07,True,TRUE_CONVERGENCE,0.9830371042335376,0.7556407844184662
2025-05-28,SIDE,0.007098494401414968,BEAR,0.25967098809221667,0.2414763448304888,0.49885266707729453,BULL,0.3373045751795634,0.3304770679168139,0.3322183569036226,BEAR,0.3286822313640518,0.31974031035033673,0.35157745828561154,7.137895653327794e-05,7.92009075495489e-13,0.9999286210426748,27,5,44,-3754.3555919566766,-3754.355856824654,0.0006044973802090681,1.6101224975217308e-07,True,TRUE_CONVERGENCE,0.9830508384026224,0.7556497116283712
2025-06-26,SIDE,0.007917513597885062,BULL,0.5008346529697235,0.23923891431874425,0.25992643271153215,BULL,0.33799076316730065,0.33044724152586136,0.33156199530683805,BULL,0.35652027369907346,0.3194514749071431,0.3240282513937835,0.9997991429999956,1.2358021418848948e-27,0.00020085700000439344,47,5,44,-3864.455436004564,-3864.455749523056,0.0007659598254576849,1.9820635123952863e-07,True,TRUE_CONVERGENCE,0.9830508153481973,0.7556496966429949
2025-07-25,SIDE,-0.007297779974859253,BULL,0.5007938300541054,0.2392294919572478,0.2599766779886469,BULL,0.3380442274508948,0.3305233271418439,0.3314324454072613,BULL,0.35654781611151243,0.3195155436639297,0.32393664022455787,0.9999999995129643,3.534624551875882e-76,4.87035838351628e-10,37,5,22,-3857.867244885373,-3857.8673575315015,0.0006495678917417536,1.6837483567255137e-07,True,TRUE_CONVERGENCE,0.9833332208751708,0.7558332602355278
2025-08-26,SIDE,0.01606910661416272,BULL,0.5020845175205834,0.23951220359383424,0.2584032788855823,BULL,0.33856871069272043,0.3305735156373956,0.3308577736698839,BULL,0.3572490098390199,0.31958485358681127,0.32316613657416887,0.99999815389115,7.55739087882312e-117,1.846108849975031e-06,27,5,30,-3765.1076225518054,-3765.1079566612007,0.0008989853508865053,2.387674262161883e-07,True,TRUE_CONVERGENCE,0.983333308833295,0.7558333174083084
2025-09-25,SIDE,0.011616915451945431,BULL,0.5020313111781152,0.23950049349067126,0.2584681953312136,BULL,0.33865092817222614,0.33050501873232757,0.3308440530954463,BULL,0.35730131288592815,0.31953023827155563,0.3231684488425163,0.9999958570366267,2.3344403708916514e-129,4.142963373355985e-06,27,5,43,-3794.2468720439592,-3794.247185793138,0.0006657753187937487,1.7546964374468373e-07,True,TRUE_CONVERGENCE,0.9830508378160762,0.7556497112471162
2025-10-28,SIDE,-0.0060921676359200205,BULL,0.5009629249638871,0.23926635126567436,0.2597707237704385,BULL,0.33571939948918267,0.33045550948291325,0.3338250910279041,BULL,0.35481012942044826,0.3193915795211164,0.32579829105843533,0.9999995246692593,7.045706680778588e-124,4.7533074067983663e-07,17,5,33,-3775.665682891954,-3775.665970253023,0.0005852250928910507,1.5499914632078607e-07,True,TRUE_CONVERGENCE,0.9830434071098672,0.7556448812880804
2025-11-27,SIDE,-0.0033058192421240307,BULL,0.5023446978554459,0.23957093326501347,0.25808436887954067,BULL,0.33568470546271545,0.3304780478802772,0.3338372466570073,BULL,0.35511477850954065,0.3194203683337642,0.32546485315669516,0.9994944664067493,2.0192151127501072e-132,0.000505533593250708,47,5,34,-3788.853561732193,-3788.853764816794,0.00045379429411696037,1.197708510102855e-07,True,TRUE_CONVERGENCE,0.9830444135585895,0.7556455354797499
2025-12-29,SIDE,-0.011014446464843175,SIDE,0.2396055876434606,0.5025077435686683,0.2578866687878711,SIDE,0.33047995605792774,0.3357115494034305,0.33380849453864164,SIDE,0.31942328193584324,0.3551521034265214,0.3254246146376353,8.544481061896955e-139,0.9999997379458875,2.620541124303816e-07,27,5,33,-3836.501309301171,-3836.501396001949,0.00030723564350410015,8.00822382653516e-08,True,TRUE_CONVERGENCE,0.9830450853044211,0.7556459721145404
2026-01-29,SIDE,0.03165520370538388,BEAR,0.27031652403107703,0.2429989052955277,0.4866845706733951,SIDE,0.33036181765885564,0.3385920433862708,0.33104613895487356,BEAR,0.32473873653588264,0.3274432079852867,0.34781805547883066,1.0291760456556262e-06,1.2226127680962771e-07,0.9999988485626775,27,5,36,-3916.5924932561898,-3916.592708088638,0.0005149896041984903,1.3148917308132775e-07,True,TRUE_CONVERGENCE,0.9615167314605283,0.7416525421160101
2026-02-26,BEAR,-0.15402497616176625,BEAR,0.2893498619981932,0.24011565316932487,0.47053448483248195,SIDE,0.3276829374628239,0.3383622035903596,0.3339548589468165,BEAR,0.3235873394160268,0.32711888369816744,0.3492937768858058,0.0828563182246086,0.0022885807826576628,0.9148551009927337,37,5,42,-3954.47056466573,-3954.4707608192207,0.000500708543768269,1.2661832914037314e-07,True,TRUE_CONVERGENCE,0.9682859573035097,0.7460525389139481
2026-04-01,BULL,0.15238440915858043,BEAR,0.26264595938220986,0.24267671201370986,0.49467732860408037,SIDE,0.3291799571631526,0.3367993068457499,0.33402073599109755,BEAR,0.32245185374365765,0.3255908249964826,0.35195732125985973,9.672463637465156e-18,1.6618548047773631e-40,1.0,27,5,51,-3910.45583444692,-3910.455868375498,0.00019949641045968747,5.1016149266766856e-08,True,TRUE_CONVERGENCE,0.9710915598077102,0.7478761805416784
2026-05-05,SIDE,-0.0061003362787843685,BULL,0.5015732398974123,0.2442089166048083,0.2542178434977793,SIDE,0.3314733564460261,0.3344740058265973,0.3340526377273766,BULL,0.3516327792297563,0.3235127762960262,0.3248544444742175,0.9998215972783635,6.839025783462388e-10,0.00017840203773390604,37,5,22,-3912.330762250583,-3912.330847896732,0.0004203771809443424,1.0744928077877445e-07,True,TRUE_CONVERGENCE,0.9725137809211473,0.7488006242654124
2026-06-04,SIDE,0.033952869923011164,BULL,0.5041027811761872,0.24396556579081452,0.25193165303299825,SIDE,0.3332071672531373,0.33348036818239,0.3333124645644726,BULL,0.3535778012265224,0.3225985638697119,0.32382363490376576,0.9996940708104984,9.667538090578607e-06,0.0002962616514108428,37,5,25,-3884.4376125631106,-3884.437646319023,0.00017959110846277326,4.6233487704413114e-08,True,TRUE_CONVERGENCE,0.9752835217577561,0.7506009558092082
2026-07-06,SIDE,0.03186254605461514,BULL,0.5048767227776726,0.2456129026867661,0.24951037453556116,BULL,0.3349464200871772,0.33279137021372873,0.332262209699094,BULL,0.35511686185843144,0.32232777630594406,0.32255536183562455,0.9993170638962005,1.0751386323126401e-06,0.0006818609651672307,27,5,38,-3669.549533161379,-3669.549668940563,0.0006678700001430116,1.8200322623820426e-07,True,TRUE_CONVERGENCE,0.9871622958809193,0.7583221589892643
2026-08-04,SIDE,-0.023514908260775513,SIDE,0.24149499105158045,0.5107610872573123,0.24774392169110726,SIDE,0.330777586975341,0.33518710407594765,0.3340353089487115,SIDE,0.3197429670136232,0.35668100661179614,0.32357602637458066,1.0770598587425195e-07,0.9999398127632052,6.007953080893637e-05,7,5,97,-3571.8141517097993,-3571.814205345979,0.00036300633883001865,1.016307907040857e-07,True,TRUE_CONVERGENCE,0.9882188932250835,0.759008947262971
