date,predicted_regime,actual_regime,predicted_probability,bull_probability,side_probability,bear_probability,future_21d_log_return,training_observations,raw_max_transition,shrunk_max_transition,model_log_likelihood
2018-05-21,BULL,SIDE,0.38026732089137644,0.38026732089137644,0.2427759272987134,0.37695675180991006,0.018255430497501616,504,0.9761675726936782,0.7511755889175575,-3532.151096483242
2018-06-19,BULL,SIDE,0.3867505567318392,0.3867505567318392,0.3406601996846329,0.27258924358352793,0.024896518464438046,504,0.9711768658240988,0.7479316294523309,-3438.207229537438
2018-07-18,BULL,BULL,0.44861328433891273,0.44861328433891273,0.30869889954092805,0.24268781612015933,0.05510700306173655,504,0.9864103954619037,0.7578334237169042,-3457.6504016456724
2018-08-20,BEAR,SIDE,0.40114075200558,0.3634164365542503,0.23544281144016965,0.40114075200558,-0.04962908953857947,504,0.953019082239957,0.7361290701226387,-3733.219697295498
2018-09-26,BULL,SIDE,0.37922335073309854,0.37922335073309854,0.2479205905393686,0.37285605872753286,-0.03412806660359334,504,0.9598554299550337,0.7405726961374386,-3731.347211333624
2018-10-31,SIDE,SIDE,0.5088203945474264,0.2471534959935234,0.5088203945474264,0.2440261094590501,0.029062435008118715,504,0.9827637337099283,0.7554630935781201,-3500.6230447817666
2018-12-05,SIDE,SIDE,0.5070660953817869,0.2480042743328253,0.5070660953817869,0.24492963028538778,-0.005164990968755325,504,0.9808955856328053,0.7542487973279902,-3523.9222478861666
2019-01-04,SIDE,SIDE,0.5074994559286484,0.24802012930551276,0.5074994559286484,0.2444804147658389,0.01708945636466756,504,0.9790814258036858,0.7530695934390625,-3455.4582236063566
2019-02-04,BULL,SIDE,0.400535987995691,0.400535987995691,0.25503745923178534,0.3444265527725237,0.0019410566275103393,504,0.9861798267117311,0.7576835540292919,-3624.3485727315087
2019-03-07,BULL,BULL,0.47409776629087175,0.47409776629087175,0.27345796935990757,0.2524442643492206,0.059599921612417124,504,0.9811673468517315,0.7544254421202922,-3706.4158936772938
2019-04-09,BULL,SIDE,0.47850160842163486,0.47850160842163486,0.2592967693369999,0.2622016222413652,-0.01748281586055591,504,0.9839001928179804,0.7562017919983539,-3724.762560184244
2019-05-17,BEAR,SIDE,0.45854971795057065,0.25067508002334443,0.290775202026085,0.45854971795057065,0.03952634226953758,504,0.976455421984783,0.7513626909567755,-3686.9325573537503
2019-06-19,BEAR,SIDE,0.3806238589039266,0.24453056039964685,0.37484558069642665,0.3806238589039266,-0.008119984413284676,504,0.978859411564371,0.7529252841835078,-3655.6000796236494
2019-07-18,BEAR,BEAR,0.428643396123278,0.24493033060947922,0.3264262732672428,0.428643396123278,-0.061621361098191635,504,0.968265118252719,0.7460389935309341,-3663.333269819937
2019-08-22,BEAR,BULL,0.4713792300229069,0.24776474596951703,0.28085602400757603,0.4713792300229069,0.06006972368029087,504,0.9672685205146073,0.7453912050011615,-3556.8574620047607
2019-09-25,BULL,SIDE,0.5053080079488302,0.5053080079488302,0.24478351600091902,0.24990847605025085,0.022940787683516723,504,0.972653027400272,0.7488911344768435,-3572.9428357735674
2019-11-04,SIDE,SIDE,0.5031090799834566,0.24361650807015175,0.5031090799834566,0.2532744119463917,0.012582207480347203,504,0.9774435039265137,0.7520049442189006,-3614.6695890962424
2019-12-05,SIDE,SIDE,0.4691914493018737,0.2638967906160244,0.4691914493018737,0.26691176008210193,-0.0021114934265429076,504,0.9673007901002005,0.7454121802317971,-3759.0717717622238
2020-01-06,BEAR,SIDE,0.483619757932302,0.25970835826326333,0.2566718838044346,0.483619757932302,-0.024063487714802708,504,0.9647209102780335,0.7437352583473885,-3753.283782094281
2020-02-03,BEAR,SIDE,0.4628112408022571,0.28298940957475593,0.2541993496229869,0.4628112408022571,-0.017174638576697675,504,0.9591166953367322,0.7400925186355426,-3778.696582405083
2020-03-05,BULL,BEAR,0.49844487734526,0.49844487734526,0.25411400593346795,0.24744111672127211,-0.2818374920147906,504,0.953540776103501,0.7364681711339424,-3791.000815161726
2020-04-16,BULL,SIDE,0.5149704787761475,0.5149704787761475,0.24251565335931183,0.24251386786454054,0.04643785086122526,504,1.0,0.7666666666666667,-4532.665049599317
2020-05-19,BULL,BULL,0.48540769810551776,0.48540769810551776,0.24053396391572388,0.2740583379787583,0.1280081487256873,504,1.0,0.7666666666666667,-4502.340440084786
2020-06-18,BULL,BULL,0.4972692773543887,0.4972692773543887,0.24023044335538357,0.2625002792902278,0.07721039113481937,504,1.0,0.7666666666666667,-4374.475251290642
2020-07-17,BULL,SIDE,0.48612479912902595,0.48612479912902595,0.2718015831205449,0.24207361775042913,0.03119157726541028,504,0.98251785094689,0.7553032697821452,-4257.882644404927
2020-08-17,SIDE,SIDE,0.5129375613988308,0.24203778830665135,0.5129375613988308,0.24502465029451778,0.02413057541973642,504,0.9951703182095184,0.7635273735028535,-4387.5872487592305
2020-09-15,SIDE,SIDE,0.5129955978704721,0.24204996249813807,0.5129955978704721,0.24495443963138983,0.013132156997720225,504,0.9952396087569919,0.7635724123587114,-4537.750697732613
2020-10-16,BEAR,BULL,0.4469628304769045,0.3132394743813186,0.23979769514177676,0.4469628304769045,0.08298875646795631,504,0.973500898764049,0.7494422508632986,-4412.460122662402
2020-11-14,BULL,BULL,0.48317890530025437,0.48317890530025437,0.23721746090349002,0.27960363379625564,0.05583570155659929,504,0.9735845758907574,0.749496640995659,-4486.511430012199
2020-12-18,BULL,BULL,0.4660872440277638,0.4660872440277638,0.23594123822652424,0.29797151774571207,0.053800404725723006,504,0.9814883550240286,0.7546340974322852,-4500.491703338718
2021-01-19,BEAR,BULL,0.4585393795022334,0.30008338516009436,0.24137723533767227,0.4585393795022334,0.05047103979136808,504,0.9739439838369492,0.7497302561606837,-4470.151723478495
2021-02-19,BULL,SIDE,0.5020789343216973,0.5020789343216973,0.24562658901066817,0.2522944766676346,-0.019758289441802707,504,0.9783715688565142,0.7526081864234009,-4397.5812034953515
2021-03-24,SIDE,SIDE,0.49345778098291154,0.23829283971127505,0.49345778098291154,0.26824937930581333,-0.03012777582527635,504,0.9852710264654904,0.7570928338692355,-4505.700322639502
2021-05-03,BEAR,BULL,0.4647383674201293,0.2848217536157395,0.2504398789641311,0.4647383674201293,0.07096125718833994,504,0.9624446093087172,0.7422556627173329,-4239.940712005138
2021-06-03,SIDE,SIDE,0.501612698794272,0.25854112490056386,0.501612698794272,0.2398461763051642,0.0020278526203331886,504,0.9812716876863847,0.7544932636628169,-4356.405142431149
2021-07-02,SIDE,SIDE,0.5141202466617891,0.24230916112284678,0.5141202466617891,0.24357059221536406,0.021356132121091085,504,0.9977011491543393,0.7651724136169873,-4475.011406789499
2021-08-04,SIDE,BULL,0.4942611259092932,0.26767484036833583,0.4942611259092932,0.23806403372237095,0.07372717995499868,504,0.9720192575622306,0.7484791840821166,-4350.5408901431
2021-09-06,SIDE,SIDE,0.49985447388886733,0.26098798627272235,0.49985447388886733,0.23915753983841037,0.02426554998801227,504,0.9717174793017398,0.7482830282127976,-4358.24089855265
2021-10-07,SIDE,SIDE,0.49237160076243963,0.27001234671148444,0.49237160076243963,0.23761605252607595,-0.011289466613137846,504,0.970328290236905,0.747380055320655,-4298.31444190021
2021-11-11,SIDE,SIDE,0.49268105624724656,0.26955711372143604,0.49268105624724656,0.23776183003131732,-0.011381363568291886,504,0.97505227619707,0.7504506461947622,-4227.844160710195
2021-12-14,SIDE,SIDE,0.4582417055859716,0.30782537062888315,0.4582417055859716,0.2339329237851453,0.04995461325417937,504,0.9853040226528438,0.7571142813910152,-3987.2057205263277
2022-01-12,SIDE,BEAR,0.48481369426970633,0.27888416257655335,0.48481369426970633,0.23630214315374035,-0.06841685312080559,504,0.9705982082069579,0.7475555020011894,-4120.110113758514
2022-02-14,BULL,SIDE,0.48538447642048854,0.48538447642048854,0.2604934260000829,0.2541220975794286,0.03728906086741254,504,0.981183108463963,0.7544356871682426,-4258.605270816633
2022-03-17,SIDE,SIDE,0.4871963144482711,0.2681969620609348,0.4871963144482711,0.24460672349079418,0.020602315694142427,504,0.9704514010874076,0.7474600773734816,-4251.779641722397
2022-04-22,BEAR,SIDE,0.48590523477908776,0.2740889422475674,0.24000582297334472,0.48590523477908776,-0.045874005430807774,504,0.9853497994692024,0.7571440363216483,-4122.3438090778955
2022-05-25,BEAR,SIDE,0.49699128300788054,0.23842308123280573,0.2645856357593138,0.49699128300788054,-0.029711723616557655,504,0.9791666664314869,0.7531249998471332,-3807.347110011325
2022-06-23,BEAR,BULL,0.4973961672046128,0.2385082706867305,0.2640955621086568,0.4973961672046128,0.07208451243767552,504,0.9629629816673035,0.742592604750414,-3748.144234443756
2022-07-22,BULL,SIDE,0.49300183597195096,0.49300183597195096,0.2389947612166967,0.2680034028113522,0.041281867140764095,504,0.9540112238691522,0.7367739621816156,-3761.266165324384
2022-08-26,SIDE,SIDE,0.45795144319954995,0.2687488765683985,0.45795144319954995,0.27329968023205153,-0.028434318473889907,504,0.9575234937227277,0.7390569375864398,-3697.6558051794045
2022-09-28,BEAR,BULL,0.3854108148631479,0.37181084934727593,0.24277833578957625,0.3854108148631479,0.06222540411288929,504,0.9511974215281518,0.7349449906599653,-3717.971316912507
2022-11-02,BULL,SIDE,0.4385218507988983,0.4385218507988983,0.2758784412137272,0.28559970798737444,0.036134963847126125,504,0.9697407340452905,0.7469981437961055,-3448.605559458428
2022-12-05,BEAR,SIDE,0.4404474142806587,0.3135783395082569,0.24597424621108432,0.4404474142806587,-0.025371213788649417,504,0.9624162800763691,0.7422372487163067,-3489.3332731214746
2023-01-03,BULL,SIDE,0.4870930502897159,0.4870930502897159,0.23700321330722826,0.2759037364030559,-0.00477322455662894,504,0.9880268364682001,0.7588841103709968,-3386.3127058936434
2023-02-03,BULL,SIDE,0.47267814399679164,0.47267814399679164,0.23496359189938607,0.29235826410382226,-0.008019050155847186,504,0.9880554861941112,0.758902732692839,-3384.9627835093643
2023-03-06,BEAR,SIDE,0.4228291976124985,0.3423313507406267,0.2348394516468748,0.4228291976124985,-0.021165702196941163,504,0.9881875142679144,0.7589885509408109,-3259.5669252992084
2023-04-13,BEAR,SIDE,0.4627791464409971,0.2972301217360256,0.23999073182297728,0.4627791464409971,0.019048985396508837,504,0.9817942279472469,0.7548329148323772,-3191.6476012114385
2023-05-18,BULL,SIDE,0.4025706622954195,0.4025706622954195,0.23497822258782944,0.3624511151167511,0.037673626221972796,504,0.9745324329072297,0.750112748056366,-3220.0635917622294
2023-06-16,BULL,SIDE,0.47533272531084064,0.47533272531084064,0.24195132954478685,0.2827159451443725,0.04074556210155933,504,0.9703465026400849,0.7473918933827219,-3375.368582580384
2023-07-19,BULL,SIDE,0.5018662110286979,0.5018662110286979,0.24879531032046462,0.24933847865083753,-0.023977236538876585,504,0.9808476079601112,0.754217611840739,-3414.2652041501206
2023-08-21,BULL,SIDE,0.5023439144418639,0.5023439144418639,0.2486317181390666,0.24902436741906955,0.029408039432145205,504,0.9956696950086654,0.7638519684222992,-3287.0741298245853
2023-09-21,BULL,SIDE,0.5064850351859128,0.5064850351859128,0.24407238253276037,0.24944258228132682,-0.03196291311661582,504,0.995858792420048,0.763974881739698,-3277.1393159271447
2023-10-26,BEAR,SIDE,0.48485456408758126,0.2464102224780478,0.26873521343437085,0.48485456408758126,0.047009136322805116,504,0.9796755672575861,0.7534557853840976,-3223.891020184163
2023-11-29,BULL,BULL,0.4962697819805647,0.4962697819805647,0.2401247489115051,0.26360546910793003,0.07820757272438568,504,0.9791015665069351,0.7530826848961746,-3278.5974210008917
2023-12-29,SIDE,SIDE,0.4814250691104776,0.26705433397964634,0.4814250691104776,0.2515205969098761,-0.003876236475156704,504,0.9761205223279613,0.7511450061798416,-3252.7385474150433
2024-02-01,SIDE,SIDE,0.48677554500759596,0.2516132312348776,0.48677554500759596,0.2616112237575264,0.029128096508213124,504,0.9745188264692454,0.7501039038716762,-3288.228054979921
2024-03-01,SIDE,SIDE,0.48973576886581294,0.24889411643716156,0.48973576886581294,0.2613701146970255,0.019154514360914306,504,0.9788751760170538,0.7529355310777517,-3360.9561576441597
2024-04-05,BEAR,SIDE,0.42780636177426556,0.23602619624351945,0.33616744198221493,0.42780636177426556,0.002100002656952508,504,0.9874362732013306,0.7585002442475316,-3527.2600612771016
2024-05-14,BEAR,BULL,0.4894770933643513,0.24766947716000742,0.2628534294756413,0.4894770933643513,0.05059159945233975,504,0.9939795176643765,0.7627533531485114,-3641.7993906385777
2024-06-13,BULL,SIDE,0.5126243310657869,0.5126243310657869,0.24542894215857883,0.2419467267756344,0.046660044160114794,504,0.9934707762393641,0.7624226712222534,-3790.5013076268488
2024-07-16,BULL,SIDE,0.5124333162676595,0.5124333162676595,0.24565492172334294,0.2419117620089976,-0.02044699594954777,504,0.9934848770239278,0.7624318367322197,-3857.8178676038838
2024-08-20,BULL,SIDE,0.5126204498666626,0.5126204498666626,0.24543413420107044,0.24194541593226698,0.027108241078156826,504,0.9934598080429562,0.7624155418945883,-3886.4810272947466
2024-09-18,BEAR,SIDE,0.48258256333774047,0.2491108292391113,0.2683066074231482,0.48258256333774047,-0.0023594455103213598,504,0.9860830270566457,0.7576206342534865,-3907.5386175613526
2024-10-21,BEAR,SIDE,0.4491002728623976,0.2439886394799633,0.3069110876576392,0.4491002728623976,-0.012271024590067852,504,0.983574642297744,0.7559901841602005,-4048.4048788714445
2024-11-25,BULL,SIDE,0.4954335419250453,0.4954335419250453,0.2432339782986757,0.26133247977627905,-0.02061614783103898,504,0.9950072335684615,0.7634213684861667,-4544.016299916667
2024-12-24,BEAR,SIDE,0.49596843077861597,0.24037035614840802,0.263661213072976,0.49596843077861597,-0.022258179245403107,504,0.9568362789855567,0.7386102480072786,-4417.410277039995
2025-01-23,BEAR,SIDE,0.4957883076877894,0.2635500414850332,0.24066165082717736,0.4957883076877894,-0.012671873977888732,504,0.9833333333333616,0.7558333333333518,-4131.93273799014
2025-02-20,BEAR,SIDE,0.44832502284542847,0.2321447261528174,0.3195302510017541,0.44832502284542847,0.024337282075512577,504,0.969941190074262,0.7471284402149371,-4300.08632798038
2025-03-27,BEAR,SIDE,0.4867803349998758,0.27432236211561517,0.2388973028845091,0.4867803349998758,0.0024743083148773427,504,0.9833333333333296,0.7558333333333309,-4078.565355591161
2025-05-08,BULL,SIDE,0.5053611508444568,0.5053611508444568,0.24620100889007873,0.24843784026546456,0.029600238044932288,504,0.9774771844750435,0.752026836575445,-4102.833845827509
2025-06-06,BULL,SIDE,0.5105362782184131,0.5105362782184131,0.24687430832489052,0.24258941345669632,0.01816183488595128,504,0.9897963044845481,0.760034264581623,-4051.8284022104035
2025-07-07,SIDE,SIDE,0.49500583171552154,0.24599634919882987,0.49500583171552154,0.2589978190856487,-0.03240100756878609,504,0.991597395162522,0.761204973522306,-4099.55211896287
2025-08-05,SIDE,SIDE,0.40188911730248045,0.2326341878051983,0.40188911730248045,0.3654766948923213,0.007504766086373095,504,0.9774117541710852,0.7519843068778719,-4219.595740613955
2025-09-09,SIDE,SIDE,0.5030784990230012,0.24488857563541597,0.5030784990230012,0.25203292534158284,0.014288652687018103,504,0.9819687636082717,0.7549463630120433,-4206.227546956414
2025-10-10,SIDE,SIDE,0.49197938049472845,0.23870944969114422,0.49197938049472845,0.26931116981412734,0.026966536862552168,504,0.9774131482503943,0.7519852130294231,-4212.59486240612
2025-11-14,SIDE,SIDE,0.5082047665604638,0.24337667646594774,0.5082047665604638,0.2484185569735885,0.004515062828046141,504,0.9835208883975323,0.7559552441250627,-4183.899990418178
2025-12-15,BULL,SIDE,0.5029750386052588,0.5029750386052588,0.2399573437831538,0.2570676176115874,-0.013994413276613315,504,0.9835049896996401,0.7559449099714327,-4181.423266456113
2026-01-14,BEAR,SIDE,0.5023620135779016,0.25497918310436757,0.24265880331773085,0.5023620135779016,-0.003839686091766452,504,0.980136613751932,0.7537554656054223,-4326.806022956524
2026-02-17,BEAR,BEAR,0.4413700849926835,0.2568713051732606,0.3017586098340559,0.4413700849926835,-0.0914062429261108,504,0.9759546021545515,0.7510371580671251,-4255.88344613589
2026-03-20,BULL,SIDE,0.45754809553074366,0.45754809553074366,0.27820137813175,0.2642505263375064,0.03444640115520377,504,0.976098343473429,0.7511305899243956,-4232.138255710621
2026-04-29,BULL,SIDE,0.50516015512073,0.50516015512073,0.2546329300648063,0.24020691481446366,-0.022366647928730592,504,0.9729827733371043,0.7491054693357845,-4002.5661555923266
2026-06-03,BULL,SIDE,0.490687900850439,0.490687900850439,0.27146034476112185,0.23785175438843922,0.047423612132233284,504,0.9821822205166808,0.7550851100025093,-3885.5717928158087
2026-07-06,SIDE,SIDE,0.46150789086064237,0.2511971932937949,0.46150789086064237,0.28729491584556266,0.007525738823845739,504,0.9711683461367978,0.7479260916555851,-3931.266848362815
2026-08-04,BEAR,SIDE,0.4421813557076068,0.27362302569433894,0.2841956185980543,0.4421813557076068,-0.02886907188897065,504,0.973684619961319,0.7495616696415242,-3950.0222408431137
