regime,next_day_probability,symbol
BULL,0.1208636694520044,NIFTY50
SIDE,0.8068587885938447,NIFTY50
BEAR,0.07227754195415093,NIFTY50
BULL,0.12592455121655782,NIFTYBANK
SIDE,0.7662431060279664,NIFTYBANK
BEAR,0.10783234275547568,NIFTYBANK
BULL,0.17604805780115576,NIFTYIT
SIDE,0.667892083459372,NIFTYIT
BEAR,0.1560598587394721,NIFTYIT
BULL,0.6314719195643019,NIFTYAUTO
SIDE,0.3061853192150496,NIFTYAUTO
BEAR,0.06234276122064849,NIFTYAUTO
BULL,0.15045593937070223,NIFTYPHARMA
SIDE,0.741003544582124,NIFTYPHARMA
BEAR,0.10854051604717373,NIFTYPHARMA
BULL,0.1585372387464919,NIFTYNEXT50
SIDE,0.7552450346096785,NIFTYNEXT50
BEAR,0.08621772664382972,NIFTYNEXT50
BULL,0.16469339871776206,NASDAQ100
SIDE,0.7131981977986628,NASDAQ100
BEAR,0.12210840348357521,NASDAQ100
BULL,0.12864519974441885,SP500
SIDE,0.7706406153475956,SP500
BEAR,0.10071418490798553,SP500
