regime,long_run_probability,symbol
BULL,0.152264600715137,NIFTY50
SIDE,0.7714541120381407,NIFTY50
BEAR,0.07628128724672233,NIFTY50
BULL,0.2210072895957588,NIFTYBANK
SIDE,0.6259111994698474,NIFTYBANK
BEAR,0.15308151093439368,NIFTYBANK
BULL,0.23984019456997682,NIFTYIT
SIDE,0.6124488042506695,NIFTYIT
BEAR,0.14771100117935365,NIFTYIT
BULL,0.2471538744032311,NIFTYAUTO
SIDE,0.617701065001836,NIFTYAUTO
BEAR,0.13514506059493295,NIFTYAUTO
BULL,0.19715714661753073,NIFTYPHARMA
SIDE,0.6862332192682286,NIFTYPHARMA
BEAR,0.1166096341142406,NIFTYPHARMA
BULL,0.2386429506874205,NIFTYNEXT50
SIDE,0.6068546356329246,NIFTYNEXT50
BEAR,0.15450241367965487,NIFTYNEXT50
BULL,0.23934051876854637,NASDAQ100
SIDE,0.6191886843672808,NASDAQ100
BEAR,0.14147079686417274,NASDAQ100
BULL,0.10877338446390623,SP500
SIDE,0.8095558895165051,SP500
BEAR,0.08167072601958855,SP500
